Index_Pos,Nucleotide,IdentityScore
0,A,1.0
1,T,1.0
2,G,1.0
3,G,1.0
4,C,1.0
5,C,1.0
6,A,1.0
7,C,1.0
8,T,1.0
9,G,1.0
10,A,1.0
11,G,1.0
12,C,1.0
13,A,1.0
14,T,1.0
15,C,1.0
16,C,1.0
17,A,1.0
18,A,1.0
19,G,1.0
20,A,1.0
21,A,1.0
22,C,1.0
23,A,1.0
24,T,1.0
25,T,1.0
26,G,1.0
27,G,1.0
28,A,1.0
29,G,1.0
30,G,1.0
31,A,1.0
32,A,1.0
33,T,1.0
34,A,1.0
35,T,1.0
36,T,1.0
37,G,1.0
38,C,1.0
39,T,1.0
40,T,1.0
41,G,1.0
42,C,1.0
43,A,1.0
44,G,1.0
45,T,1.0
46,T,1.0
47,T,1.0
48,G,1.0
49,A,1.0
50,C,1.0
51,A,1.0
52,C,1.0
53,T,1.0
54,A,1.0
55,C,1.0
56,T,1.0
57,T,1.0
58,T,1.0
59,T,1.0
60,T,1.0
61,T,1.0
62,T,1.0
63,A,1.0
64,A,1.0
65,T,1.0
66,T,1.0
67,T,1.0
68,G,1.0
69,C,1.0
70,A,1.0
71,T,1.0
72,A,1.0
73,T,1.0
74,A,1.0
75,T,1.0
76,C,1.0
77,G,1.0
78,T,1.0
79,G,1.0
80,T,1.0
81,A,1.0
82,T,1.0
83,A,1.0
84,T,1.0
85,T,1.0
86,T,1.0
87,T,1.0
88,G,1.0
89,T,1.0
90,A,1.0
91,G,1.0
92,C,1.0
93,C,1.0
94,G,1.0
95,T,1.0
96,T,1.0
97,T,1.0
98,A,1.0
99,C,1.0
100,T,1.0
101,T,1.0
102,A,1.0
103,A,1.0
104,C,1.0
105,T,1.0
106,A,1.0
107,T,1.0
108,C,1.0
109,A,1.0
110,A,1.0
111,G,1.0
112,A,1.0
113,T,1.0
114,C,1.0
115,T,1.0
116,T,1.0
117,G,1.0
118,C,1.0
119,A,1.0
120,A,1.0
121,G,1.0
122,T,1.0
123,T,1.0
124,T,1.0
125,T,1.0
126,T,1.0
127,C,1.0
128,T,1.0
129,C,1.0
130,T,1.0
131,T,1.0
132,A,1.0
133,A,1.0
134,A,1.0
135,C,1.0
136,A,1.0
137,T,1.0
138,C,1.0
139,T,1.0
140,T,1.0
141,A,1.0
142,G,1.0
143,T,1.0
144,T,1.0
145,T,1.0
146,G,1.0
147,G,1.0
148,T,1.0
149,A,1.0
150,T,1.0
151,T,1.0
152,T,1.0
153,A,1.0
154,G,1.0
155,A,1.0
156,G,1.0
157,A,1.0
158,T,1.0
159,T,1.0
160,C,1.0
161,T,1.0
162,C,1.0
163,A,1.0
164,G,1.0
165,T,1.0
166,A,1.0
167,T,1.0
168,T,1.0
169,A,1.0
170,T,1.0
171,G,1.0
172,C,1.0
173,T,1.0
174,T,1.0
175,G,1.0
176,T,1.0
177,T,1.0
178,G,1.0
179,T,1.0
180,C,1.0
181,G,1.0
182,C,1.0
183,A,1.0
184,A,1.0
185,T,1.0
186,T,1.0
187,G,1.0
188,T,1.0
189,T,1.0
190,G,1.0
191,T,1.0
192,C,1.0
193,G,1.0
194,C,1.0
195,G,1.0
196,T,1.0
197,G,1.0
198,T,1.0
199,C,1.0
200,T,1.0
201,G,1.0
202,C,1.0
203,G,1.0
204,A,1.0
205,G,1.0
206,G,1.0
207,T,1.0
208,T,1.0
209,T,1.0
210,G,1.0
211,A,1.0
212,G,1.0
213,T,1.0
214,T,1.0
215,T,1.0
216,G,1.0
217,A,1.0
218,G,1.0
219,A,1.0
220,A,1.0
221,T,1.0
222,C,1.0
223,A,1.0
224,T,1.0
225,T,1.0
226,A,1.0
227,C,1.0
228,C,1.0
229,A,1.0
230,A,1.0
231,T,1.0
232,G,1.0
233,C,1.0
234,T,1.0
235,C,1.0
236,T,1.0
237,G,1.0
238,T,1.0
239,T,1.0
240,C,1.0
241,A,1.0
242,A,1.0
243,T,1.0
244,C,1.0
245,T,1.0
246,G,1.0
247,T,1.0
248,A,1.0
249,A,1.0
250,A,1.0
251,T,1.0
252,A,1.0
253,T,1.0
254,T,1.0
255,G,1.0
256,A,1.0
257,A,1.0
258,A,1.0
259,C,1.0
260,T,1.0
261,G,1.0
262,T,1.0
263,T,1.0
264,G,1.0
265,C,1.0
266,A,1.0
267,G,1.0
268,A,1.0
269,A,1.0
270,A,1.0
271,A,1.0
272,A,1.0
273,G,1.0
274,C,1.0
275,T,1.0
276,T,1.0
277,T,1.0
278,G,1.0
279,A,1.0
280,A,1.0
281,T,1.0
282,T,1.0
283,G,1.0
284,T,1.0
285,C,1.0
286,T,1.0
287,T,1.0
288,A,1.0
289,T,1.0
290,T,1.0
291,G,1.0
292,T,1.0
293,T,1.0
294,C,1.0
295,G,1.0
296,T,1.0
297,T,1.0
298,G,1.0
299,T,1.0
300,T,1.0
301,A,1.0
302,C,1.0
303,A,1.0
304,A,1.0
305,T,1.0
306,T,1.0
307,G,1.0
308,T,1.0
309,T,1.0
310,T,1.0
311,A,1.0
312,A,1.0
313,C,1.0
314,T,1.0
315,T,1.0
316,T,1.0
317,A,1.0
318,T,1.0
319,T,1.0
320,G,1.0
321,G,1.0
322,A,1.0
323,T,1.0
324,A,1.0
325,C,1.0
326,T,1.0
327,G,1.0
328,C,1.0
329,T,1.0
330,G,1.0
331,A,1.0
332,A,1.0
333,A,1.0
334,A,1.0
335,G,1.0
336,T,1.0
337,A,1.0
338,C,1.0
339,G,1.0
340,A,1.0
341,T,1.0
342,A,1.0
343,T,1.0
344,T,1.0
345,G,1.0
346,T,1.0
347,T,1.0
348,T,1.0
349,G,1.0
350,T,1.0
351,A,1.0
352,G,1.0
353,T,1.0
354,G,1.0
355,G,1.0
356,T,1.0
357,G,1.0
358,G,1.0
359,A,1.0
360,T,1.0
361,T,1.0
362,A,1.0
363,T,1.0
364,T,1.0
365,T,1.0
366,C,1.0
367,A,1.0
368,T,1.0
369,T,1.0
370,T,1.0
371,A,1.0
372,G,1.0
373,T,1.0
374,A,1.0
375,A,1.0
376,G,1.0
377,A,1.0
378,A,1.0
379,G,1.0
380,T,1.0
381,C,1.0
382,A,1.0
383,G,1.0
384,T,1.0
385,G,1.0
386,G,1.0
387,C,1.0
388,G,1.0
389,A,1.0
390,G,1.0
391,G,1.0
392,T,1.0
393,T,1.0
394,T,1.0
395,G,1.0
396,T,1.0
397,G,1.0
398,C,1.0
399,A,1.0
400,G,1.0
401,A,1.0
402,G,1.0
403,A,1.0
404,G,1.0
405,T,1.0
406,G,1.0
407,T,1.0
408,A,1.0
409,C,1.0
410,A,1.0
411,C,1.0
412,C,1.0
413,A,1.0
414,A,1.0
415,G,1.0
416,A,1.0
417,T,1.0
418,G,1.0
419,A,1.0
420,T,1.0
421,T,1.0
422,G,1.0
423,G,1.0
424,G,1.0
425,G,1.0
426,C,1.0
427,A,1.0
428,C,1.0
429,A,1.0
430,A,1.0
431,C,1.0
432,C,1.0
433,T,1.0
434,G,1.0
435,A,1.0
436,T,1.0
437,A,1.0
438,T,1.0
439,C,1.0
440,A,1.0
441,A,1.0
442,A,1.0
443,G,1.0
444,A,1.0
445,T,1.0
446,A,1.0
447,T,1.0
448,T,1.0
449,G,1.0
450,A,1.0
451,T,1.0
452,T,1.0
453,T,1.0
454,A,1.0
455,G,1.0
456,A,1.0
457,T,1.0
458,T,1.0
459,T,1.0
460,A,1.0
461,C,1.0
462,A,1.0
463,A,1.0
464,G,1.0
465,A,1.0
466,A,1.0
467,T,1.0
468,T,1.0
469,A,1.0
470,G,1.0
471,T,1.0
472,A,1.0
473,T,1.0
474,T,1.0
475,G,1.0
476,C,1.0
477,C,1.0
478,T,1.0
479,C,1.0
480,A,1.0
481,A,1.0
482,A,1.0
483,A,1.0
484,T,1.0
485,C,1.0
486,T,1.0
487,T,1.0
488,T,1.0
489,T,1.0
490,A,1.0
491,G,1.0
492,C,1.0
493,T,1.0
494,G,1.0
495,A,1.0
496,A,1.0
497,G,1.0
498,A,1.0
499,A,1.0
500,A,1.0
501,G,1.0
502,T,1.0
503,T,1.0
504,T,1.0
505,G,1.0
506,T,1.0
507,C,1.0
508,G,1.0
509,C,1.0
510,C,1.0
511,T,1.0
512,G,1.0
513,A,1.0
514,T,1.0
515,G,1.0
516,C,1.0
517,T,1.0
518,G,1.0
519,A,1.0
520,T,1.0
521,C,1.0
522,C,1.0
523,T,1.0
524,G,1.0
525,A,1.0
526,A,1.0
527,G,1.0
528,A,1.0
529,G,1.0
530,G,1.0
531,A,1.0
532,G,1.0
533,G,1.0
534,A,1.0
535,G,1.0
536,C,1.0
537,A,1.0
538,A,1.0
539,C,1.0
540,A,1.0
541,A,1.0
542,T,1.0
543,T,1.0
544,A,1.0
545,T,1.0
546,A,1.0
547,T,1.0
548,T,1.0
549,G,1.0
550,G,1.0
551,G,1.0
552,T,1.0
553,T,1.0
554,G,1.0
555,A,1.0
556,C,1.0
557,A,1.0
558,C,1.0
559,C,1.0
560,T,1.0
561,G,1.0
562,T,1.0
563,T,1.0
564,G,1.0
565,C,1.0
566,G,1.0
567,G,1.0
568,T,1.0
569,A,1.0
570,C,1.0
571,C,1.0
572,T,1.0
573,G,1.0
574,T,1.0
575,A,1.0
576,A,1.0
577,A,1.0
578,G,1.0
579,C,1.0
580,A,1.0
581,A,1.0
582,C,1.0
583,T,1.0
584,G,1.0
585,T,1.0
586,A,1.0
587,A,1.0
588,G,1.0
589,A,1.0
590,G,1.0
591,T,1.0
592,G,1.0
593,T,1.0
594,G,1.0
595,T,1.0
596,G,1.0
597,T,1.0
598,T,1.0
599,T,1.0
600,T,1.0
601,T,1.0
602,G,1.0
603,C,1.0
604,T,1.0
605,A,1.0
606,C,1.0
607,T,1.0
608,T,1.0
609,C,1.0
610,A,1.0
611,A,1.0
612,C,1.0
613,T,1.0
614,G,1.0
615,C,1.0
616,T,1.0
617,G,1.0
618,T,1.0
619,T,1.0
620,T,1.0
621,G,1.0
622,C,1.0
623,A,1.0
624,C,1.0
625,A,1.0
626,T,1.0
627,T,1.0
628,G,1.0
629,C,1.0
630,A,1.0
631,A,1.0
632,T,1.0
633,T,1.0
634,T,1.0
635,T,1.0
636,T,1.0
637,A,1.0
638,T,1.0
639,T,1.0
640,G,1.0
641,C,1.0
642,A,1.0
643,A,1.0
644,G,1.0
645,G,1.0
646,A,1.0
647,C,1.0
648,A,1.0
649,G,1.0
650,C,1.0
651,T,1.0
652,T,1.0
653,T,1.0
654,C,1.0
655,C,1.0
656,T,1.0
657,T,1.0
658,T,1.0
659,G,1.0
660,T,1.0
661,G,1.0
662,T,1.0
663,G,1.0
664,C,1.0
665,A,1.0
666,T,1.0
667,T,1.0
668,C,1.0
669,T,1.0
670,G,1.0
671,T,1.0
672,G,1.0
673,T,1.0
674,T,1.0
675,C,1.0
676,C,1.0
677,A,1.0
678,A,1.0
679,A,1.0
680,G,1.0
681,G,1.0
682,A,1.0
683,C,1.0
684,G,1.0
685,T,1.0
686,C,1.0
687,G,1.0
688,C,1.0
689,C,1.0
690,A,1.0
691,T,1.0
692,G,1.0
693,G,1.0
694,C,1.0
695,A,1.0
696,G,1.0
697,A,1.0
698,C,1.0
699,C,1.0
700,T,1.0
701,A,1.0
702,A,1.0
703,C,1.0
704,T,1.0
705,A,1.0
706,A,1.0
707,A,1.0
708,G,1.0
709,G,1.0
710,T,1.0
711,A,1.0
712,C,1.0
713,T,1.0
714,G,1.0
715,A,1.0
716,A,1.0
717,C,1.0
718,A,1.0
719,A,1.0
720,T,1.0
721,T,1.0
722,T,1.0
723,G,1.0
724,A,1.0
725,A,1.0
726,A,1.0
727,C,1.0
728,T,1.0
729,A,1.0
730,T,1.0
731,T,1.0
732,G,1.0
733,A,1.0
734,A,1.0
735,A,1.0
736,A,1.0
737,A,1.0
738,G,1.0
739,A,1.0
740,T,1.0
741,G,1.0
742,A,1.0
743,T,1.0
744,A,1.0
745,G,1.0
746,T,1.0
747,T,1.0
748,G,1.0
749,G,1.0
750,T,1.0
751,A,1.0
752,T,1.0
753,A,1.0
754,T,1.0
755,T,1.0
756,G,1.0
757,T,1.0
758,T,1.0
759,A,1.0
760,G,1.0
761,T,1.0
762,G,1.0
763,A,1.0
764,A,1.0
765,G,1.0
766,C,1.0
767,T,1.0
768,G,1.0
769,A,1.0
770,A,1.0
771,T,1.0
772,G,1.0
773,T,1.0
774,A,1.0
775,T,1.0
776,T,1.0
777,A,1.0
778,C,1.0
779,T,1.0
780,G,1.0
781,A,1.0
782,T,1.0
783,T,1.0
784,T,1.0
785,A,1.0
786,A,1.0
787,A,1.0
788,T,1.0
789,T,1.0
790,C,1.0
791,C,1.0
792,T,1.0
793,T,1.0
794,G,1.0
795,G,1.0
796,A,1.0
797,T,1.0
798,A,1.0
799,A,1.0
800,T,1.0
801,A,1.0
802,T,1.0
803,A,1.0
804,T,1.0
805,T,1.0
806,T,1.0
807,G,1.0
808,A,1.0
809,A,1.0
810,G,1.0
811,A,1.0
812,G,1.0
813,A,1.0
814,G,1.0
815,T,1.0
816,A,1.0
817,C,1.0
818,A,1.0
819,G,1.0
820,A,1.0
821,T,1.0
822,G,1.0
823,G,1.0
824,T,1.0
825,T,1.0
826,C,1.0
827,T,1.0
828,G,1.0
829,T,1.0
830,T,1.0
831,A,1.0
832,T,1.0
833,T,1.0
834,T,1.0
835,C,1.0
836,T,1.0
837,G,1.0
838,A,1.0
839,A,1.0
840,T,1.0
841,T,1.0
842,G,1.0
843,A,1.0
844,T,1.0
845,T,1.0
846,G,1.0
847,A,1.0
848,T,1.0
849,G,1.0
850,A,1.0
851,T,1.0
852,G,1.0
853,T,1.0
854,G,1.0
855,G,1.0
856,A,1.0
857,T,1.0
858,A,1.0
859,A,1.0
860,T,1.0
861,G,1.0
862,C,1.0
863,T,1.0
864,T,1.0
865,C,1.0
866,A,1.0
867,C,1.0
868,A,1.0
869,G,1.0
870,G,1.0
871,G,1.0
872,G,1.0
873,A,1.0
874,A,1.0
875,T,1.0
876,T,1.0
877,C,1.0
878,C,1.0
879,C,1.0
880,T,1.0
881,G,1.0
882,G,1.0
883,C,1.0
884,G,1.0
885,T,1.0
886,T,1.0
887,T,1.0
888,T,1.0
889,A,1.0
890,C,1.0
891,A,1.0
892,A,1.0
893,C,1.0
894,A,1.0
895,G,1.0
896,T,1.0
897,A,1.0
898,A,1.0
899,G,1.0
900,G,1.0
901,T,1.0
902,T,1.0
903,A,1.0
904,C,1.0
905,G,1.0
906,G,1.0
907,C,1.0
908,C,1.0
909,G,1.0
910,A,1.0
911,T,1.0
912,T,1.0
913,G,1.0
914,C,1.0
915,A,1.0
916,A,1.0
917,T,1.0
918,A,1.0
919,A,1.0
920,A,1.0
921,G,1.0
922,C,1.0
923,A,1.0
924,A,1.0
925,T,1.0
926,A,1.0
927,T,1.0
928,C,1.0
929,A,1.0
930,G,1.0
931,A,1.0
932,G,1.0
933,C,1.0
934,T,1.0
935,A,1.0
936,A,1.0
937,A,1.0
938,A,1.0
939,C,1.0
940,G,1.0
941,A,1.0
942,A,1.0
943,A,1.0
944,G,1.0
945,T,1.0
946,A,1.0
947,T,1.0
948,A,1.0
949,T,1.0
950,T,1.0
951,A,1.0
952,A,1.0
953,A,1.0
954,A,1.0
955,G,1.0
956,C,1.0
957,C,1.0
958,C,1.0
959,G,1.0
960,C,1.0
961,A,1.0
962,G,1.0
963,C,1.0
964,A,1.0
965,A,1.0
966,T,1.0
967,G,1.0
968,C,1.0
969,G,1.0
970,T,1.0
971,T,1.0
972,G,1.0
973,C,1.0
974,A,1.0
975,G,1.0
976,A,1.0
977,T,1.0
978,T,1.0
979,T,1.0
980,G,1.0
981,A,1.0
982,G,1.0
983,T,1.0
984,C,1.0
985,C,1.0
986,G,1.0
987,A,1.0
988,G,1.0
989,A,1.0
990,C,1.0
991,T,1.0
992,T,1.0
993,G,1.0
994,A,1.0
995,A,1.0
996,G,1.0
997,C,1.0
998,A,1.0
999,G,1.0
1000,T,1.0
1001,T,1.0
1002,A,1.0
1003,A,1.0
1004,A,1.0
1005,A,1.0
1006,T,1.0
1007,T,1.0
1008,T,1.0
1009,C,1.0
1010,T,1.0
1011,G,1.0
1012,T,1.0
1013,G,1.0
1014,G,1.0
1015,A,1.0
1016,A,1.0
1017,G,1.0
1018,G,1.0
1019,A,1.0
1020,A,1.0
1021,A,1.0
1022,A,1.0
1023,A,1.0
1024,G,1.0
1025,T,1.0
1026,A,1.0
1027,A,1.0
1028,A,1.0
1029,A,1.0
1030,G,1.0
1031,A,1.0
1032,C,1.0
1033,G,1.0
1034,A,1.0
1035,T,1.0
1036,T,1.0
1037,A,1.0
1038,T,1.0
1039,T,1.0
1040,T,1.0
1041,C,1.0
1042,A,1.0
1043,G,1.0
1044,G,1.0
1045,A,1.0
1046,C,1.0
1047,A,1.0
1048,G,1.0
1049,T,1.0
1050,G,1.0
1051,G,1.0
1052,C,1.0
1053,A,1.0
1054,T,1.0
1055,T,1.0
1056,G,1.0
1057,A,1.0
1058,G,1.0
1059,G,1.0
1060,A,1.0
1061,A,1.0
1062,G,1.0
1063,A,1.0
1064,T,1.0
1065,G,1.0
1066,A,1.0
1067,A,1.0
1068,A,1.0
1069,C,1.0
1070,T,1.0
1071,G,1.0
1072,C,1.0
1073,A,1.0
1074,A,1.0
1075,A,1.0
1076,T,1.0
1077,G,1.0
1078,T,1.0
1079,T,1.0
1080,T,1.0
1081,C,1.0
1082,T,1.0
1083,C,1.0
1084,A,1.0
1085,G,1.0
1086,G,1.0
1087,T,1.0
1088,A,1.0
1089,C,1.0
1090,A,1.0
1091,A,1.0
1092,G,1.0
1093,C,1.0
1094,T,1.0
1095,G,1.0
1096,A,1.0
1097,T,1.0
1098,A,1.0
1099,C,1.0
1100,T,1.0
1101,C,1.0
1102,A,1.0
1103,G,1.0
1104,A,1.0
1105,T,1.0
1106,A,1.0
1107,A,1.0
1108,G,1.0
1109,T,1.0
1110,G,1.0
1111,T,1.0
1112,A,1.0
1113,C,1.0
1114,C,1.0
1115,C,1.0
1116,G,1.0
1117,C,1.0
1118,A,1.0
1119,G,1.0
1120,G,1.0
1121,A,1.0
1122,G,1.0
1123,C,1.0
1124,T,1.0
1125,G,1.0
1126,A,1.0
1127,T,1.0
1128,G,1.0
1129,A,1.0
1130,A,1.0
1131,A,1.0
1132,C,1.0
1133,A,1.0
1134,G,1.0
1135,T,1.0
1136,T,1.0
1137,G,1.0
1138,A,1.0
1139,T,1.0
1140,T,1.0
1141,T,1.0
1142,G,1.0
1143,T,1.0
1144,T,1.0
1145,A,1.0
1146,A,1.0
1147,G,1.0
1148,A,1.0
1149,T,1.0
1150,G,1.0
1151,T,1.0
1152,A,1.0
1153,G,1.0
1154,T,1.0
1155,A,1.0
1156,A,1.0
1157,T,1.0
1158,A,1.0
1159,G,1.0
1160,A,1.0
1161,A,1.0
1162,A,1.0
1163,A,1.0
1164,G,1.0
1165,C,1.0
1166,T,1.0
1167,G,1.0
1168,T,1.0
1169,G,1.0
1170,T,1.0
1171,T,1.0
1172,G,1.0
1173,T,1.0
1174,A,1.0
1175,C,1.0
1176,A,1.0
1177,G,1.0
1178,T,1.0
1179,A,1.0
1180,A,1.0
1181,A,1.0
1182,T,1.0
1183,T,1.0
1184,T,1.0
1185,A,1.0
1186,A,1.0
1187,A,1.0
1188,G,1.0
1189,A,1.0
1190,A,1.0
1191,T,1.0
1192,T,1.0
1193,A,1.0
1194,T,1.0
1195,A,1.0
1196,T,1.0
1197,G,1.0
1198,G,1.0
1199,T,1.0
1200,G,1.0
1201,T,1.0
1202,G,1.0
1203,A,1.0
1204,G,1.0
1205,C,1.0
1206,T,1.0
1207,T,1.0
1208,T,1.0
1209,T,1.0
1210,C,1.0
1211,C,1.0
1212,G,1.0
1213,A,1.0
1214,G,1.0
1215,C,1.0
1216,T,1.0
1217,A,1.0
1218,A,1.0
1219,C,1.0
1220,G,1.0
1221,A,1.0
1222,G,1.0
1223,A,1.0
1224,T,1.0
1225,T,1.0
1226,G,1.0
1227,T,1.0
1228,T,1.0
1229,T,1.0
1230,A,1.0
1231,A,1.0
1232,A,1.0
1233,A,1.0
1234,G,1.0
1235,T,1.0
1236,C,1.0
1237,A,1.0
1238,C,1.0
1239,A,1.0
1240,A,1.0
1241,A,1.0
1242,A,1.0
1243,C,1.0
1244,A,1.0
1245,T,1.0
1246,G,1.0
1247,T,1.0
1248,T,1.0
1249,C,1.0
1250,A,1.0
1251,T,1.0
1252,C,1.0
1253,T,1.0
1254,A,1.0
1255,A,1.0
1256,T,1.0
1257,T,1.0
1258,G,1.0
1259,G,1.0
1260,G,1.0
1261,T,1.0
1262,A,1.0
1263,G,1.0
1264,T,1.0
1265,G,1.0
1266,G,1.0
1267,C,1.0
1268,T,1.0
1269,G,1.0
1270,T,1.0
1271,T,1.0
1272,T,1.0
1273,T,1.0
1274,T,1.0
1275,A,1.0
1276,A,1.0
1277,C,1.0
1278,G,1.0
1279,T,1.0
1280,T,1.0
1281,A,1.0
1282,C,1.0
1283,A,1.0
1284,G,1.0
1285,A,1.0
1286,A,1.0
1287,G,1.0
1288,A,1.0
1289,A,1.0
1290,G,1.0
1291,T,1.0
1292,A,1.0
1293,T,1.0
1294,T,1.0
1295,A,1.0
1296,A,1.0
1297,A,1.0
1298,T,1.0
1299,G,1.0
1300,G,1.0
1301,C,1.0
1302,T,1.0
1303,C,1.0
1304,A,1.0
1305,A,1.0
1306,A,1.0
1307,A,1.0
1308,A,1.0
1309,T,1.0
1310,A,1.0
1311,T,1.0
1312,T,1.0
1313,G,1.0
1314,T,1.0
1315,T,1.0
1316,A,1.0
1317,C,1.0
1318,A,1.0
1319,A,1.0
1320,A,1.0
1321,A,1.0
1322,A,1.0
1323,C,1.0
1324,A,1.0
1325,T,1.0
1326,G,1.0
1327,T,1.0
1328,T,1.0
1329,G,1.0
1330,A,1.0
1331,T,1.0
1332,T,1.0
1333,T,1.0
1334,T,1.0
1335,A,1.0
1336,T,1.0
1337,G,1.0
1338,C,1.0
1339,A,1.0
1340,G,1.0
1341,T,1.0
1342,T,1.0
1343,A,1.0
1344,A,1.0
1345,T,1.0
1346,T,1.0
1347,A,1.0
1348,T,1.0
1349,T,1.0
1350,G,1.0
1351,T,1.0
1352,T,1.0
1353,G,1.0
1354,G,1.0
1355,A,1.0
1356,C,1.0
1357,T,1.0
1358,T,1.0
1359,T,1.0
1360,A,1.0
1361,T,1.0
1362,G,1.0
1363,C,1.0
1364,A,1.0
1365,T,1.0
1366,T,1.0
1367,A,1.0
1368,T,1.0
1369,A,1.0
1370,T,1.0
1371,T,1.0
1372,T,1.0
1373,A,1.0
1374,A,1.0
1375,T,1.0
1376,T,1.0
1377,G,1.0
1378,A,1.0
1379,G,1.0
1380,T,1.0
1381,T,1.0
1382,T,1.0
1383,A,1.0
1384,A,1.0
1385,G,1.0
1386,A,1.0
1387,C,1.0
1388,T,1.0
1389,G,1.0
1390,C,1.0
1391,T,1.0
1392,A,1.0
1393,A,1.0
1394,A,1.0
1395,A,1.0
1396,G,1.0
1397,T,1.0
1398,A,1.0
1399,G,1.0
1400,A,1.0
1401,G,1.0
1402,A,1.0
1403,A,1.0
1404,A,1.0
1405,C,1.0
1406,C,1.0
1407,T,1.0
1408,T,1.0
1409,A,1.0
1410,A,1.0
1411,C,1.0
1412,A,1.0
1413,A,1.0
1414,A,1.0
1415,A,1.0
1416,A,1.0
1417,T,1.0
1418,G,1.0
1419,T,1.0
1420,T,1.0
1421,A,1.0
1422,C,1.0
1423,A,1.0
1424,A,1.0
1425,C,1.0
1426,A,1.0
1427,A,1.0
1428,T,1.0
1429,T,1.0
1430,A,1.0
1431,T,1.0
1432,T,1.0
1433,A,1.0
1434,A,1.0
1435,A,1.0
1436,T,1.0
1437,G,1.0
1438,T,1.0
1439,G,1.0
1440,G,1.0
1441,A,1.0
1442,A,1.0
1443,G,1.0
1444,A,1.0
1445,T,1.0
1446,T,1.0
1447,A,1.0
1448,T,1.0
1449,C,1.0
1450,A,1.0
1451,A,1.0
1452,A,1.0
1453,T,1.0
1454,A,1.0
1455,T,1.0
1456,T,1.0
1457,A,1.0
1458,T,1.0
1459,G,1.0
1460,T,1.0
1461,G,1.0
1462,A,1.0
1463,C,1.0
1464,C,1.0
1465,C,1.0
1466,A,1.0
1467,C,1.0
1468,C,1.0
1469,A,1.0
1470,A,1.0
1471,A,1.0
1472,A,1.0
1473,T,1.0
1474,T,1.0
1475,A,1.0
1476,A,1.0
1477,G,1.0
1478,A,1.0
1479,A,1.0
1480,G,1.0
1481,T,1.0
1482,G,1.0
1483,T,1.0
1484,A,1.0
1485,C,1.0
1486,C,1.0
1487,T,1.0
1488,G,1.0
1489,T,1.0
1490,T,1.0
1491,G,1.0
1492,C,1.0
1493,A,1.0
1494,T,1.0
1495,T,1.0
1496,A,1.0
1497,T,1.0
1498,A,1.0
1499,T,1.0
1500,T,1.0
1501,T,1.0
1502,T,1.0
1503,T,1.0
1504,A,1.0
1505,T,1.0
1506,A,1.0
1507,A,1.0
1508,A,1.0
1509,A,1.0
1510,G,1.0
1511,A,1.0
1512,T,1.0
1513,C,1.0
1514,T,1.0
1515,A,1.0
1516,T,1.0
1517,G,1.0
1518,T,1.0
1519,C,1.0
1520,C,1.0
1521,A,1.0
1522,A,1.0
1523,T,1.0
1524,A,1.0
1525,T,1.0
1526,A,1.0
1527,A,1.0
1528,G,1.0
1529,T,1.0
1530,T,1.0
1531,T,1.0
1532,T,1.0
1533,A,1.0
1534,A,1.0
1535,A,1.0
1536,T,1.0
1537,A,1.0
1538,T,1.0
1539,G,1.0
1540,G,1.0
1541,T,1.0
1542,A,1.0
1543,A,1.0
1544,C,1.0
1545,T,1.0
1546,T,1.0
1547,T,1.0
1548,C,1.0
1549,C,1.0
1550,A,1.0
1551,G,1.0
1552,A,1.0
1553,T,1.0
1554,T,1.0
1555,G,1.0
1556,G,1.0
1557,T,1.0
1558,T,1.0
1559,A,1.0
1560,T,1.0
1561,C,1.0
1562,A,1.0
1563,A,1.0
1564,A,1.0
1565,T,1.0
1566,T,1.0
1567,T,1.0
1568,A,1.0
1569,G,1.0
1570,T,1.0
1571,T,1.0
1572,C,1.0
1573,T,1.0
1574,A,1.0
1575,T,1.0
1576,T,1.0
1577,A,1.0
1578,G,1.0
1579,A,1.0
1580,T,1.0
1581,C,1.0
1582,A,1.0
1583,C,1.0
1584,C,1.0
1585,A,1.0
1586,A,1.0
1587,G,1.0
1588,T,1.0
1589,T,1.0
1590,G,1.0
1591,G,1.0
1592,T,1.0
1593,A,1.0
1594,G,1.0
1595,T,1.0
1596,C,1.0
1597,A,1.0
1598,A,1.0
1599,G,1.0
1600,A,1.0
1601,A,1.0
1602,A,1.0
1603,C,1.0
1604,A,1.0
1605,T,1.0
1606,T,1.0
1607,T,1.0
1608,A,1.0
1609,G,1.0
1610,T,1.0
1611,C,1.0
1612,T,1.0
1613,T,1.0
1614,T,1.0
1615,C,1.0
1616,T,1.0
1617,G,1.0
1618,A,1.0
1619,C,1.0
1620,A,1.0
1621,T,1.0
1622,G,1.0
1623,G,1.0
1624,T,1.0
1625,T,1.0
1626,C,1.0
1627,A,1.0
1628,A,1.0
1629,T,1.0
1630,G,1.0
1631,G,1.0
1632,G,1.0
1633,C,1.0
1634,A,1.0
1635,T,1.0
1636,T,1.0
1637,C,1.0
1638,G,1.0
1639,A,1.0
1640,T,1.0
1641,C,1.0
1642,A,1.0
1643,T,1.0
1644,G,1.0
1645,A,1.0
1646,C,1.0
1647,T,1.0
1648,A,1.0
1649,T,1.0
1650,C,1.0
1651,T,1.0
1652,T,1.0
1653,G,1.0
1654,A,1.0
1655,T,1.0
1656,G,1.0
1657,A,1.0
1658,A,1.0
1659,T,1.0
1660,C,1.0
1661,A,1.0
1662,C,1.0
1663,A,1.0
1664,A,1.0
1665,A,1.0
1666,T,1.0
1667,T,1.0
1668,G,1.0
1669,C,1.0
1670,T,1.0
1671,T,1.0
1672,T,1.0
1673,T,1.0
1674,A,1.0
1675,A,1.0
1676,T,1.0
1677,T,1.0
1678,A,1.0
1679,T,1.0
1680,G,1.0
1681,C,1.0
1682,T,1.0
1683,A,1.0
1684,T,1.0
1685,G,1.0
1686,G,1.0
1687,C,1.0
1688,A,1.0
1689,G,1.0
1690,C,1.0
1691,G,1.0
1692,T,1.0
1693,C,1.0
1694,A,1.0
1695,G,1.0
1696,A,1.0
1697,A,1.0
1698,A,1.0
1699,A,1.0
1700,C,1.0
1701,G,1.0
1702,C,1.0
1703,A,1.0
1704,A,1.0
1705,A,1.0
1706,C,1.0
1707,G,1.0
1708,C,1.0
1709,T,1.0
1710,G,1.0
1711,C,1.0
1712,A,1.0
1713,G,1.0
1714,C,1.0
1715,T,1.0
1716,T,1.0
1717,T,1.0
1718,T,1.0
1719,C,1.0
1720,T,1.0
1721,G,1.0
1722,C,1.0
1723,A,1.0
1724,A,1.0
1725,A,1.0
1726,G,1.0
1727,C,1.0
1728,A,1.0
1729,A,1.0
1730,T,1.0
1731,A,1.0
1732,A,1.0
1733,T,1.0
1734,C,1.0
1735,A,1.0
1736,A,1.0
1737,G,1.0
1738,C,1.0
1739,T,1.0
1740,A,1.0
1741,A,1.0
1742,G,1.0
1743,T,1.0
1744,A,1.0
1745,T,1.0
1746,T,1.0
1747,T,1.0
1748,G,1.0
1749,A,1.0
1750,A,1.0
1751,A,1.0
1752,G,1.0
1753,A,1.0
1754,T,1.0
1755,T,1.0
1756,G,1.0
1757,T,1.0
1758,G,1.0
1759,C,1.0
1760,T,1.0
1761,A,1.0
1762,T,1.0
1763,T,1.0
1764,A,1.0
1765,T,1.0
1766,G,1.0
1767,G,1.0
1768,T,1.0
1769,A,1.0
1770,A,1.0
1771,A,1.0
1772,A,1.0
1773,C,1.0
1774,A,1.0
1775,T,1.0
1776,T,1.0
1777,A,1.0
1778,T,1.0
1779,A,1.0
1780,A,1.0
1781,A,1.0
1782,A,1.0
1783,G,1.0
1784,A,1.0
1785,T,1.0
1786,A,1.0
1787,T,1.0
1788,G,1.0
1789,A,1.0
1790,A,1.0
1791,A,1.0
1792,T,1.0
1793,G,1.0
1794,C,1.0
1795,G,1.0
1796,C,1.0
1797,C,1.0
1798,A,1.0
1799,A,1.0
1800,A,1.0
1801,T,1.0
1802,G,1.0
1803,T,1.0
1804,C,1.0
1805,A,1.0
1806,A,1.0
1807,T,1.0
1808,G,1.0
1809,A,1.0
1810,G,1.0
1811,C,1.0
1812,T,1.0
1813,G,1.0
1814,T,1.0
1815,T,1.0
1816,G,1.0
1817,G,1.0
1818,A,1.0
1819,T,1.0
1820,T,1.0
1821,A,1.0
1822,A,1.0
1823,T,1.0
1824,A,1.0
1825,G,1.0
1826,A,1.0
1827,T,1.0
1828,G,1.0
1829,T,1.0
1830,T,1.0
1831,G,1.0
1832,T,1.0
1833,T,1.0
1834,C,1.0
1835,A,1.0
1836,T,1.0
1837,C,1.0
1838,C,1.0
1839,T,1.0
1840,A,1.0
1841,C,1.0
1842,A,1.0
1843,A,1.0
1844,T,1.0
1845,G,1.0
1846,A,1.0
1847,A,1.0
1848,G,1.0
1849,A,1.0
1850,A,1.0
1851,T,1.0
1852,C,1.0
1853,T,1.0
1854,G,1.0
1855,A,1.0
1856,T,1.0
1857,T,1.0
1858,G,1.0
1859,G,1.0
1860,A,1.0
1861,A,1.0
1862,G,1.0
1863,C,1.0
1864,G,1.0
1865,T,1.0
1866,A,1.0
1867,T,1.0
1868,T,1.0
1869,G,1.0
1870,C,1.0
1871,A,1.0
1872,C,1.0
1873,A,1.0
1874,T,1.0
1875,T,1.0
1876,T,1.0
1877,T,1.0
1878,C,1.0
1879,T,1.0
1880,A,1.0
1881,A,1.0
1882,G,1.0
1883,A,1.0
1884,T,1.0
1885,T,1.0
1886,T,1.0
1887,C,1.0
1888,A,1.0
1889,A,1.0
1890,A,1.0
1891,A,1.0
1892,T,1.0
1893,G,1.0
1894,T,1.0
1895,A,1.0
1896,A,1.0
1897,A,1.0
1898,T,1.0
1899,T,1.0
1900,T,1.0
1901,T,1.0
1902,C,1.0
1903,T,1.0
1904,T,1.0
1905,G,1.0
1906,A,1.0
1907,A,1.0
1908,T,1.0
1909,T,1.0
1910,C,1.0
1911,C,1.0
1912,T,1.0
1913,A,1.0
1914,A,1.0
1915,T,1.0
1916,T,1.0
1917,G,1.0
1918,C,1.0
1919,A,1.0
1920,T,1.0
1921,T,1.0
1922,T,1.0
1923,A,1.0
1924,A,1.0
1925,A,1.0
1926,C,1.0
1927,C,1.0
1928,A,1.0
1929,T,1.0
1930,T,1.0
1931,T,1.0
1932,C,1.0
1933,T,1.0
1934,A,1.0
1935,A,1.0
1936,A,1.0
1937,A,1.0
1938,G,1.0
1939,G,1.0
1940,T,1.0
1941,A,1.0
1942,C,1.0
1943,A,1.0
1944,C,1.0
1945,C,1.0
1946,C,1.0
1947,A,1.0
1948,A,1.0
1949,A,1.0
1950,A,1.0
1951,A,1.0
1952,A,1.0
1953,A,1.0
1954,A,1.0
1955,T,1.0
1956,T,1.0
1957,G,1.0
1958,T,1.0
1959,A,1.0
1960,T,1.0
1961,G,1.0
1962,G,1.0
1963,T,1.0
1964,T,1.0
1965,A,1.0
1966,T,1.0
1967,T,1.0
1968,T,1.0
1969,G,1.0
1970,G,1.0
1971,G,1.0
1972,G,1.0
1973,A,1.0
1974,C,1.0
1975,C,1.0
1976,T,1.0
1977,C,1.0
1978,C,1.0
1979,C,1.0
1980,G,1.0
1981,A,1.0
1982,T,1.0
1983,A,1.0
1984,C,1.0
1985,T,1.0
1986,G,1.0
1987,G,1.0
1988,A,1.0
1989,A,1.0
1990,A,1.0
1991,A,1.0
1992,T,1.0
1993,C,1.0
1994,A,1.0
1995,T,1.0
1996,T,1.0
1997,A,1.0
1998,T,1.0
1999,T,1.0
2000,C,1.0
2001,T,1.0
2002,G,1.0
2003,T,1.0
2004,T,1.0
2005,T,1.0
2006,C,1.0
2007,A,1.0
2008,G,1.0
2009,C,1.0
2010,T,1.0
2011,T,1.0
2012,G,1.0
2013,T,1.0
2014,T,1.0
2015,A,1.0
2016,A,1.0
2017,A,1.0
2018,T,1.0
2019,T,1.0
2020,T,1.0
2021,C,1.0
2022,T,1.0
2023,T,1.0
2024,G,1.0
2025,A,1.0
2026,A,1.0
2027,A,1.0
2028,G,1.0
2029,G,1.0
2030,T,1.0
2031,A,1.0
2032,A,1.0
2033,A,1.0
2034,G,1.0
2035,T,1.0
2036,C,1.0
2037,A,1.0
2038,T,1.0
2039,T,1.0
2040,T,1.0
2041,C,1.0
2042,T,1.0
2043,T,1.0
2044,T,1.0
2045,C,1.0
2046,A,1.0
2047,T,1.0
2048,G,1.0
2049,A,1.0
2050,A,1.0
2051,C,1.0
2052,A,1.0
2053,G,1.0
2054,T,1.0
2055,C,1.0
2056,A,1.0
2057,A,1.0
2058,A,1.0
2059,G,1.0
2060,T,1.0
2061,C,1.0
2062,A,1.0
2063,T,1.0
2064,T,1.0
2065,T,1.0
2066,T,1.0
2067,T,1.0
2068,G,1.0
2069,G,1.0
2070,C,1.0
2071,T,1.0
2072,A,1.0
2073,A,1.0
2074,T,1.0
2075,G,1.0
2076,C,1.0
2077,C,1.0
2078,T,1.0
2079,T,1.0
2080,T,1.0
2081,G,1.0
2082,A,1.0
2083,T,1.0
2084,A,1.0
2085,G,1.0
2086,A,1.0
2087,T,1.0
2088,G,1.0
2089,G,1.0
2090,T,1.0
2091,A,1.0
2092,A,1.0
2093,A,1.0
2094,A,1.0
2095,T,1.0
2096,T,1.0
2097,G,1.0
2098,G,1.0
2099,C,1.0
2100,T,1.0
2101,T,1.0
2102,G,1.0
2103,T,1.0
2104,T,1.0
2105,A,1.0
2106,G,1.0
2107,A,1.0
2108,C,1.0
2109,G,1.0
2110,A,1.0
2111,T,1.0
2112,G,1.0
2113,C,1.0
2114,A,1.0
2115,A,1.0
2116,C,1.0
2117,A,1.0
2118,T,1.0
2119,T,1.0
2120,T,1.0
2121,G,1.0
2122,C,1.0
2123,T,1.0
2124,T,1.0
2125,G,1.0
2126,T,1.0
2127,T,1.0
2128,G,1.0
2129,G,1.0
2130,C,1.0
2131,A,1.0
2132,A,1.0
2133,T,1.0
2134,A,1.0
2135,T,1.0
2136,A,1.0
2137,T,1.0
2138,G,1.0
2139,G,1.0
2140,A,1.0
2141,T,1.0
2142,G,1.0
2143,T,1.0
2144,T,1.0
2145,C,1.0
2146,A,1.0
2147,C,1.0
2148,T,1.0
2149,T,1.0
2150,A,1.0
2151,A,1.0
2152,G,1.0
2153,A,1.0
2154,A,1.0
2155,A,1.0
2156,C,1.0
2157,G,1.0
2158,C,1.0
2159,T,1.0
2160,T,1.0
2161,T,1.0
2162,A,1.0
2163,G,1.0
2164,A,1.0
2165,T,1.0
2166,G,1.0
2167,G,1.0
2168,T,1.0
2169,A,1.0
2170,A,1.0
2171,T,1.0
2172,G,1.0
2173,C,1.0
2174,T,1.0
2175,G,1.0
2176,T,1.0
2177,A,1.0
2178,T,1.0
2179,C,1.0
2180,T,1.0
2181,A,1.0
2182,T,1.0
2183,T,1.0
2184,G,1.0
2185,A,1.0
2186,T,1.0
2187,C,1.0
2188,T,1.0
2189,A,1.0
2190,A,1.0
2191,A,1.0
2192,G,1.0
2193,C,1.0
2194,A,1.0
2195,T,1.0
2196,A,1.0
2197,G,1.0
2198,G,1.0
2199,C,1.0
2200,A,1.0
2201,A,1.0
2202,C,1.0
2203,C,1.0
2204,T,1.0
2205,G,1.0
2206,T,1.0
2207,T,1.0
2208,C,1.0
2209,A,1.0
2210,A,1.0
2211,C,1.0
2212,T,1.0
2213,A,1.0
2214,A,1.0
2215,G,1.0
2216,T,1.0
2217,T,1.0
2218,T,1.0
2219,G,1.0
2220,C,1.0
2221,C,1.0
2222,T,1.0
2223,C,1.0
2224,C,1.0
2225,A,1.0
2226,C,1.0
2227,T,1.0
2228,A,1.0
2229,C,1.0
2230,T,1.0
2231,A,1.0
2232,G,1.0
2233,T,1.0
2234,C,1.0
2235,T,1.0
2236,C,1.0
2237,T,1.0
2238,A,1.0
2239,C,1.0
2240,T,1.0
2241,A,1.0
2242,A,1.0
2243,T,1.0
2244,G,1.0
2245,T,1.0
2246,T,1.0
2247,G,1.0
2248,A,1.0
2249,T,1.0
2250,G,1.0
2251,T,1.0
2252,T,1.0
2253,A,1.0
2254,T,1.0
2255,G,1.0
2256,T,1.0
2257,C,1.0
2258,A,1.0
2259,G,1.0
2260,A,1.0
2261,A,1.0
2262,C,1.0
2263,A,1.0
2264,A,1.0
2265,T,1.0
2266,C,1.0
2267,C,1.0
2268,T,1.0
2269,T,1.0
2270,G,1.0
2271,A,1.0
2272,A,1.0
2273,A,1.0
2274,T,1.0
2275,A,1.0
2276,T,1.0
2277,T,1.0
2278,T,1.0
2279,A,1.0
2280,C,1.0
2281,A,1.0
2282,C,1.0
2283,A,1.0
2284,G,1.0
2285,T,1.0
2286,A,1.0
2287,G,1.0
2288,A,1.0
2289,G,1.0
2290,T,1.0
2291,G,1.0
2292,A,1.0
2293,A,1.0
2294,A,1.0
2295,T,1.0
2296,G,1.0
2297,T,1.0
2298,T,1.0
2299,T,1.0
2300,T,1.0
2301,A,1.0
2302,A,1.0
2303,C,1.0
2304,T,1.0
2305,T,1.0
2306,T,1.0
2307,C,1.0
2308,C,1.0
2309,T,1.0
2310,A,1.0
2311,A,1.0
2312,T,1.0
2313,A,1.0
2314,A,1.0
2315,G,1.0
2316,T,1.0
2317,T,1.0
2318,G,1.0
2319,C,1.0
2320,C,1.0
2321,A,1.0
2322,A,1.0
2323,C,1.0
2324,A,1.0
2325,A,1.0
2326,C,1.0
2327,A,1.0
2328,G,1.0
2329,A,1.0
2330,T,1.0
2331,A,1.0
2332,G,1.0
2333,T,1.0
2334,G,1.0
2335,G,1.0
2336,T,1.0
2337,G,1.0
2338,C,1.0
2339,T,1.0
2340,A,1.0
2341,G,1.0
2342,T,1.0
2343,G,1.0
2344,T,1.0
2345,G,1.0
2346,T,1.0
2347,A,1.0
2348,T,1.0
2349,G,1.0
2350,A,1.0
2351,A,1.0
2352,A,1.0
2353,T,1.0
2354,T,1.0
2355,A,1.0
2356,C,1.0
2357,T,1.0
2358,A,1.0
2359,A,1.0
2360,T,1.0
2361,G,1.0
2362,C,1.0
2363,A,1.0
2364,T,1.0
2365,C,1.0
2366,C,1.0
2367,T,1.0
2368,G,1.0
2369,G,1.0
2370,G,1.0
2371,C,1.0
2372,A,1.0
2373,T,1.0
2374,G,1.0
2375,T,1.0
2376,T,1.0
2377,T,1.0
2378,T,1.0
2379,T,1.0
2380,T,1.0
2381,T,1.0
2382,A,1.0
2383,G,1.0
2384,A,1.0
2385,A,1.0
2386,A,1.0
2387,G,1.0
2388,T,1.0
2389,T,1.0
2390,T,1.0
2391,G,1.0
2392,C,1.0
2393,A,1.0
2394,A,1.0
2395,A,1.0
2396,C,1.0
2397,C,1.0
2398,A,1.0
2399,A,1.0
2400,T,1.0
2401,T,1.0
2402,A,1.0
2403,G,1.0
2404,A,1.0
2405,C,1.0
2406,A,1.0
2407,T,1.0
2408,T,1.0
2409,T,1.0
2410,C,1.0
2411,A,1.0
2412,G,1.0
2413,A,1.0
2414,A,1.0
2415,G,1.0
2416,A,1.0
2417,T,1.0
2418,G,1.0
2419,A,1.0
2420,T,1.0
2421,G,1.0
2422,A,1.0
2423,G,1.0
2424,G,1.0
2425,A,1.0
2426,T,1.0
2427,G,1.0
2428,G,1.0
2429,A,1.0
2430,A,1.0
2431,A,1.0
2432,C,1.0
2433,T,1.0
2434,C,1.0
2435,A,1.0
2436,G,1.0
2437,G,1.0
2438,A,1.0
2439,G,1.0
2440,A,1.0
2441,C,1.0
2442,T,1.0
2443,C,1.0
2444,T,1.0
2445,A,1.0
2446,A,1.0
2447,C,1.0
2448,A,1.0
2449,G,1.0
2450,A,1.0
2451,C,1.0
2452,C,1.0
2453,G,1.0
2454,T,1.0
2455,T,1.0
2456,T,1.0
2457,C,1.0
2458,A,1.0
2459,A,1.0
2460,T,1.0
2461,G,1.0
2462,C,1.0
2463,A,1.0
2464,C,1.0
2465,T,1.0
2466,G,1.0
2467,C,1.0
2468,A,1.0
2469,A,1.0
2470,G,1.0
2471,A,1.0
2472,T,1.0
2473,G,1.0
2474,C,1.0
2475,A,1.0
2476,A,1.0
2477,T,1.0
2478,A,1.0
2479,T,1.0
2480,T,1.0
2481,G,1.0
2482,A,1.0
2483,A,1.0
2484,T,1.0
2485,C,1.0
2486,T,1.0
2487,G,1.0
2488,A,1.0
2489,T,1.0
2490,T,1.0
2491,G,1.0
2492,A,1.0
2493,A,1.0
2494,G,1.0
2495,A,1.0
2496,A,1.0
2497,A,1.0
2498,A,1.0
2499,C,1.0
2500,C,1.0
2501,C,1.0
2502,C,1.0
2503,A,1.0
2504,G,1.0
2505,T,1.0
2506,G,1.0
2507,A,1.0
2508,T,1.0
2509,T,1.0
2510,T,1.0
2511,G,1.0
2512,A,1.0
2513,A,1.0
2514,A,1.0
2515,T,1.0
2516,C,1.0
2517,T,1.0
2518,A,1.0
2519,T,1.0
2520,T,1.0
2521,A,1.0
2522,T,1.0
2523,T,1.0
2524,C,1.0
2525,G,1.0
2526,T,1.0
2527,T,1.0
2528,A,1.0
2529,T,1.0
2530,T,1.0
2531,G,1.0
2532,G,1.0
2533,G,1.0
2534,A,1.0
2535,A,1.0
2536,C,1.0
2537,T,1.0
2538,A,1.0
2539,A,1.0
2540,A,1.0
2541,T,1.0
2542,A,1.0
2543,G,1.0
2544,A,1.0
2545,A,1.0
2546,A,1.0
2547,A,1.0
2548,G,1.0
2549,A,1.0
2550,A,1.0
2551,C,1.0
2552,A,1.0
2553,C,1.0
2554,G,1.0
2555,T,1.0
2556,A,1.0
2557,A,1.0
2558,C,1.0
2559,A,1.0
2560,T,1.0
2561,T,1.0
2562,A,1.0
2563,T,1.0
2564,A,1.0
2565,T,1.0
2566,T,1.0
2567,A,1.0
2568,T,1.0
2569,G,1.0
2570,C,1.0
2571,T,1.0
2572,A,1.0
2573,G,1.0
2574,A,1.0
2575,A,1.0
2576,A,1.0
2577,A,1.0
2578,G,1.0
2579,A,1.0
2580,A,1.0
2581,G,1.0
2582,G,1.0
2583,A,1.0
2584,T,1.0
2585,T,1.0
2586,T,1.0
2587,A,1.0
2588,C,1.0
2589,A,1.0
2590,C,1.0
2591,G,1.0
2592,T,1.0
2593,T,1.0
2594,T,1.0
2595,A,1.0
2596,G,1.0
2597,G,1.0
2598,C,1.0
2599,C,1.0
2600,T,1.0
2601,A,1.0
2602,C,1.0
2603,A,1.0
2604,G,1.0
2605,C,1.0
2606,C,1.0
2607,T,1.0
2608,G,1.0
2609,T,1.0
2610,C,1.0
2611,C,1.0
2612,C,1.0
2613,A,1.0
2614,A,1.0
2615,C,1.0
2616,C,1.0
2617,C,1.0
2618,C,1.0
2619,A,1.0
2620,G,1.0
2621,C,1.0
2622,T,1.0
2623,G,1.0
2624,T,1.0
2625,C,1.0
2626,T,1.0
2627,C,1.0
2628,A,1.0
2629,G,1.0
2630,A,1.0
2631,A,1.0
2632,T,1.0
2633,A,1.0
2634,C,1.0
2635,A,1.0
2636,A,1.0
2637,T,1.0
2638,G,1.0
2639,C,1.0
2640,A,1.0
2641,A,1.0
2642,A,1.0
2643,A,1.0
2644,C,1.0
2645,A,1.0
2646,A,1.0
2647,G,1.0
2648,C,1.0
2649,A,1.0
2650,A,1.0
2651,T,1.0
2652,A,1.0
2653,C,1.0
2654,A,1.0
2655,A,1.0
2656,A,1.0
2657,T,1.0
2658,G,1.0
2659,C,1.0
2660,A,1.0
2661,A,1.0
2662,C,1.0
2663,T,1.0
2664,G,1.0
2665,C,1.0
2666,T,1.0
2667,G,1.0
2668,G,1.0
2669,T,1.0
2670,A,1.0
2671,A,1.0
2672,A,1.0
2673,T,1.0
2674,A,1.0
2675,G,1.0
2676,T,1.0
2677,T,1.0
2678,T,1.0
2679,A,1.0
2680,A,1.0
2681,G,1.0
2682,T,1.0
2683,A,1.0
2684,A,1.0
2685,A,1.0
2686,T,1.0
2687,C,1.0
2688,T,1.0
2689,G,1.0
2690,T,1.0
2691,G,1.0
2692,T,1.0
2693,T,1.0
2694,T,1.0
2695,G,1.0
2696,C,1.0
2697,T,1.0
2698,A,1.0
2699,A,1.0
2700,A,1.0
2701,G,1.0
2702,A,1.0
2703,A,1.0
2704,A,1.0
2705,C,1.0
2706,T,1.0
2707,T,1.0
2708,G,1.0
2709,G,1.0
2710,A,1.0
2711,C,1.0
2712,A,1.0
2713,T,1.0
2714,T,1.0
2715,A,1.0
2716,T,1.0
2717,C,1.0
2718,T,1.0
2719,G,1.0
2720,A,1.0
2721,C,1.0
2722,T,1.0
2723,G,1.0
2724,T,1.0
2725,A,1.0
2726,G,1.0
2727,T,1.0
2728,G,1.0
2729,C,1.0
2730,T,1.0
2731,G,1.0
2732,A,1.0
2733,A,1.0
2734,C,1.0
2735,T,1.0
2736,T,1.0
2737,A,1.0
2738,T,1.0
2739,A,1.0
2740,A,1.0
2741,A,1.0
2742,T,1.0
2743,A,1.0
2744,C,1.0
2745,A,1.0
2746,C,1.0
2747,T,1.0
2748,A,1.0
2749,C,1.0
2750,C,1.0
2751,A,1.0
2752,A,1.0
2753,A,1.0
2754,A,1.0
2755,G,1.0
2756,A,1.0
2757,C,1.0
2758,T,1.0
2759,G,1.0
2760,T,1.0
2761,T,1.0
2762,T,1.0
2763,T,1.0
2764,A,1.0
2765,A,1.0
2766,A,1.0
2767,A,1.0
2768,A,1.0
2769,A,1.0
2770,C,1.0
2771,A,1.0
2772,A,1.0
2773,G,1.0
2774,G,1.0
2775,T,1.0
2776,T,1.0
2777,A,1.0
2778,T,1.0
2779,A,1.0
2780,C,1.0
2781,T,1.0
2782,G,1.0
2783,T,1.0
2784,A,1.0
2785,G,1.0
2786,A,1.0
2787,A,1.0
2788,G,1.0
2789,T,1.0
2790,A,1.0
2791,T,1.0
2792,G,1.0
2793,G,1.0
2794,T,1.0
2795,A,1.0
2796,T,1.0
2797,G,1.0
2798,A,1.0
2799,T,1.0
2800,A,1.0
2801,A,1.0
2802,T,1.0
2803,G,1.0
2804,A,1.0
2805,T,1.0
2806,A,1.0
2807,G,1.0
2808,A,1.0
2809,A,1.0
2810,A,1.0
2811,C,1.0
2812,A,1.0
2813,A,1.0
2814,G,1.0
2815,G,1.0
2816,C,1.0
2817,A,1.0
2818,T,1.0
2819,A,1.0
2820,C,1.0
2821,C,1.0
2822,C,1.0
2823,A,1.0
2824,T,1.0
2825,A,1.0
2826,T,1.0
2827,A,1.0
2828,C,1.0
2829,T,1.0
2830,A,1.0
2831,A,1.0
2832,C,1.0
2833,T,1.0
2834,G,1.0
2835,G,1.0
2836,A,1.0
2837,A,1.0
2838,A,1.0
2839,A,1.0
2840,G,1.0
2841,G,1.0
2842,A,1.0
2843,T,1.0
2844,A,1.0
2845,T,1.0
2846,A,1.0
2847,T,1.0
2848,T,1.0
2849,A,1.0
2850,T,1.0
2851,C,1.0
2852,A,1.0
2853,A,1.0
2854,G,1.0
2855,A,1.0
2856,C,1.0
2857,T,1.0
2858,C,1.0
2859,A,1.0
2860,C,1.0
2861,A,1.0
2862,T,1.0
2863,G,1.0
2864,A,1.0
2865,C,1.0
2866,G,1.0
2867,A,1.0
2868,A,1.0
2869,T,1.0
2870,G,1.0
2871,G,1.0
2872,C,1.0
2873,A,1.0
2874,A,1.0
2875,T,1.0
2876,T,1.0
2877,A,1.0
2878,A,1.0
2879,C,1.0
2880,T,1.0
2881,G,1.0
2882,A,1.0
2883,A,1.0
2884,G,1.0
2885,G,1.0
2886,A,1.0
2887,A,1.0
2888,A,1.0
2889,G,1.0
2890,G,1.0
2891,T,1.0
2892,A,1.0
2893,G,1.0
2894,A,1.0
2895,T,1.0
2896,G,1.0
2897,A,1.0
2898,A,1.0
2899,A,1.0
2900,A,1.0
2901,T,1.0
2902,G,1.0
2903,G,1.0
2904,A,1.0
2905,C,1.0
2906,T,1.0
2907,T,1.0
2908,T,1.0
2909,A,1.0
2910,T,1.0
2911,T,1.0
2912,A,1.0
2913,T,1.0
2914,G,1.0
2915,A,1.0
2916,T,1.0
2917,G,1.0
2918,A,1.0
2919,A,1.0
2920,A,1.0
2921,A,1.0
2922,A,1.0
2923,A,1.0
2924,A,1.0
2925,T,1.0
2926,G,1.0
2927,G,1.0
2928,T,1.0
2929,G,1.0
2930,A,1.0
2931,C,1.0
2932,A,1.0
2933,G,1.0
2934,A,1.0
2935,G,1.0
2936,T,1.0
2937,T,1.0
2938,T,1.0
2939,A,1.0
2940,T,1.0
2941,T,1.0
2942,T,1.0
2943,T,1.0
2944,A,1.0
2945,T,1.0
2946,G,1.0
2947,C,1.0
2948,T,1.0
2949,G,1.0
2950,T,1.0
2951,T,1.0
2952,T,1.0
2953,G,1.0
2954,G,1.0
2955,G,1.0
2956,G,1.0
2957,C,1.0
2958,A,1.0
2959,G,1.0
2960,A,1.0
2961,T,1.0
2962,G,1.0
2963,C,1.0
2964,A,1.0
2965,G,1.0
2966,A,1.0
2967,C,1.0
2968,A,1.0
2969,A,1.0
2970,A,1.0
2971,T,1.0
2972,A,1.0
2973,T,1.0
2974,G,1.0
2975,G,1.0
2976,A,1.0
2977,G,1.0
2978,T,1.0
2979,G,1.0
2980,A,1.0
2981,C,1.0
2982,A,1.0
2983,A,1.0
2984,A,1.0
2985,A,1.0
2986,G,1.0
2987,A,1.0
2988,A,1.0
2989,T,1.0
2990,G,1.0
2991,G,1.0
2992,A,1.0
2993,C,1.0
2994,T,1.0
2995,G,1.0
2996,T,1.0
2997,G,1.0
2998,C,1.0
2999,A,1.0
3000,T,1.0
3001,T,1.0
3002,A,1.0
3003,T,1.0
3004,A,1.0
3005,G,1.0
3006,A,1.0
3007,G,1.0
3008,A,1.0
3009,T,1.0
3010,A,1.0
3011,C,1.0
3012,T,1.0
3013,A,1.0
3014,C,1.0
3015,T,1.0
3016,A,1.0
3017,T,1.0
3018,T,1.0
3019,G,1.0
3020,T,1.0
3021,C,1.0
3022,T,1.0
3023,C,1.0
3024,C,1.0
3025,T,1.0
3026,C,1.0
3027,T,1.0
3028,T,1.0
3029,C,1.0
3030,C,1.0
3031,A,1.0
3032,G,1.0
3033,C,1.0
3034,T,1.0
3035,C,1.0
3036,C,1.0
3037,A,1.0
3038,G,1.0
3039,C,1.0
3040,A,1.0
3041,G,1.0
3042,G,1.0
3043,A,1.0
3044,G,1.0
3045,G,1.0
3046,G,1.0
3047,T,1.0
3048,C,1.0
3049,G,1.0
3050,C,1.0
3051,A,1.0
3052,G,1.0
3053,A,1.0
3054,C,1.0
3055,T,1.0
3056,C,1.0
3057,C,1.0
3058,A,1.0
3059,G,1.0
3060,C,1.0
3061,C,1.0
3062,A,1.0
3063,A,1.0
3064,G,1.0
3065,C,1.0
3066,C,1.0
3067,T,1.0
3068,T,1.0
3069,C,1.0
3070,A,1.0
3071,C,1.0
3072,C,1.0
3073,C,1.0
3074,A,1.0
3075,A,1.0
3076,C,1.0
3077,C,1.0
3078,C,1.0
3079,T,1.0
3080,C,1.0
3081,T,1.0
3082,A,1.0
3083,C,1.0
3084,C,1.0
3085,T,1.0
3086,C,1.0
3087,C,1.0
3088,G,1.0
3089,G,1.0
3090,G,1.0
3091,T,1.0
3092,A,1.0
3093,C,1.0
3094,T,1.0
3095,C,1.0
3096,C,1.0
3097,A,1.0
3098,A,1.0
3099,G,1.0
3100,A,1.0
3101,C,1.0
3102,C,1.0
3103,C,1.0
3104,C,1.0
3105,A,1.0
3106,T,1.0
3107,C,1.0
3108,G,1.0
3109,C,1.0
3110,C,1.0
3111,G,1.0
3112,A,1.0
3113,A,1.0
3114,G,1.0
3115,C,1.0
3116,G,1.0
3117,T,1.0
3118,C,1.0
3119,G,1.0
3120,A,1.0
3121,C,1.0
3122,G,1.0
3123,A,1.0
3124,G,1.0
3125,C,1.0
3126,T,1.0
3127,G,1.0
3128,C,1.0
3129,A,1.0
3130,G,1.0
3131,A,1.0
3132,A,1.0
3133,G,1.0
3134,A,1.0
3135,G,1.0
3136,G,1.0
3137,C,1.0
3138,A,1.0
3139,G,1.0
3140,A,1.0
3141,T,1.0
3142,T,1.0
3143,C,1.0
3144,C,1.0
3145,T,1.0
3146,C,1.0
3147,A,1.0
3148,A,1.0
3149,C,1.0
3150,A,1.0
3151,T,1.0
3152,C,1.0
3153,A,1.0
3154,T,1.0
3155,C,1.0
3156,A,1.0
3157,T,1.0
3158,C,1.0
3159,A,1.0
3160,T,1.0
3161,C,1.0
3162,A,1.0
3163,T,1.0
3164,C,1.0
3165,A,1.0
3166,T,1.0
3167,C,1.0
3168,A,1.0
3169,G,1.0
3170,C,1.0
3171,C,1.0
3172,C,1.0
3173,C,1.0
3174,A,1.0
3175,T,1.0
3176,C,1.0
3177,A,1.0
3178,G,1.0
3179,G,1.0
3180,G,1.0
3181,T,1.0
3182,C,1.0
3183,C,1.0
3184,C,1.0
3185,C,1.0
3186,A,1.0
3187,G,1.0
3188,C,1.0
3189,G,1.0
3190,T,1.0
3191,C,1.0
3192,T,1.0
3193,A,1.0
3194,A,1.0
3195,C,1.0
3196,C,1.0
3197,T,1.0
3198,T,1.0
3199,C,1.0
3200,G,1.0
3201,A,1.0
3202,G,1.0
3203,A,1.0
3204,T,1.0
3205,C,1.0
3206,G,1.0
3207,G,1.0
3208,G,1.0
3209,G,1.0
3210,A,1.0
3211,G,1.0
3212,G,1.0
3213,A,1.0
3214,G,1.0
3215,G,1.0
3216,A,1.0
3217,C,1.0
3218,A,1.0
3219,A,1.0
3220,G,1.0
3221,G,1.0
3222,A,1.0
3223,G,1.0
3224,A,1.0
3225,A,1.0
3226,C,1.0
3227,G,1.0
3228,A,1.0
3229,T,1.0
3230,C,1.0
3231,C,1.0
3232,G,1.0
3233,T,1.0
3234,T,1.0
3235,C,1.0
3236,C,1.0
3237,C,1.0
3238,T,1.0
3239,T,1.0
3240,A,1.0
3241,T,1.0
3242,C,1.0
3243,A,1.0
3244,A,1.0
3245,A,1.0
3246,A,1.0
3247,A,1.0
3248,G,1.0
3249,A,1.0
3250,C,1.0
3251,G,1.0
3252,A,1.0
3253,A,1.0
3254,G,1.0
3255,A,1.0
3256,C,1.0
3257,A,1.0
3258,C,1.0
3259,A,1.0
3260,C,1.0
3261,C,1.0
3262,A,1.0
3263,G,1.0
3264,T,1.0
3265,G,1.0
3266,A,1.0
3267,A,1.0
3268,T,1.0
3269,C,1.0
3270,A,1.0
3271,G,1.0
3272,C,1.0
3273,T,1.0
3274,G,1.0
3275,G,1.0
3276,G,1.0
3277,G,1.0
3278,A,1.0
3279,A,1.0
3280,T,1.0
3281,C,1.0
3282,T,1.0
3283,G,1.0
3284,C,1.0
3285,T,1.0
3286,G,1.0
3287,T,1.0
3288,C,1.0
3289,C,1.0
3290,C,1.0
3291,G,1.0
3292,T,1.0
3293,C,1.0
3294,T,1.0
3295,C,1.0
3296,C,1.0
3297,T,1.0
3298,T,1.0
3299,C,1.0
3300,T,1.0
3301,G,1.0
3302,A,1.0
3303,A,1.0
3304,G,1.0
3305,T,1.0
3306,G,1.0
3307,G,1.0
3308,G,1.0
3309,A,1.0
3310,A,1.0
3311,C,1.0
3312,A,1.0
3313,G,1.0
3314,G,1.0
3315,A,1.0
3316,C,1.0
3317,A,1.0
3318,T,1.0
3319,C,1.0
3320,G,1.0
3321,A,1.0
3322,C,1.0
3323,T,1.0
3324,A,1.0
3325,C,1.0
3326,T,1.0
3327,T,1.0
3328,G,1.0
3329,C,1.0
3330,G,1.0
3331,C,1.0
3332,G,1.0
3333,A,1.0
3334,C,1.0
3335,A,1.0
3336,A,1.0
3337,G,1.0
3338,C,1.0
3339,T,1.0
3340,C,1.0
3341,T,1.0
3342,T,1.0
3343,G,1.0
3344,G,1.0
3345,A,1.0
3346,A,1.0
3347,G,1.0
3348,A,1.0
3349,G,1.0
3350,T,1.0
3351,T,1.0
3352,C,1.0
3353,A,1.0
3354,G,1.0
3355,C,1.0
3356,G,1.0
3357,A,1.0
3358,C,1.0
3359,T,1.0
3360,T,1.0
3361,C,1.0
3362,A,1.0
3363,A,1.0
3364,G,1.0
3365,C,1.0
3366,T,1.0
3367,G,1.0
3368,A,1.0
3369,G,1.0
3370,G,1.0
3371,C,1.0
3372,T,1.0
3373,T,1.0
3374,G,1.0
3375,G,1.0
3376,G,1.0
3377,A,1.0
3378,T,1.0
3379,C,1.0
3380,C,1.0
3381,A,1.0
3382,T,1.0
3383,T,1.0
3384,C,1.0
3385,A,1.0
3386,T,1.0
3387,C,1.0
3388,C,1.0
3389,T,1.0
3390,A,1.0
3391,A,1.0
3392,T,1.0
3393,T,1.0
3394,T,1.0
3395,T,1.0
3396,A,1.0
3397,A,1.0
3398,A,1.0
3399,A,1.0
3400,G,1.0
3401,G,1.0
3402,T,1.0
3403,C,1.0
3404,C,1.0
3405,T,1.0
3406,T,1.0
3407,C,1.0
3408,A,1.0
3409,A,1.0
3410,A,1.0
3411,T,1.0
3412,A,1.0
3413,A,1.0
3414,T,1.0
3415,T,1.0
3416,T,1.0
3417,G,1.0
3418,A,1.0
3419,A,1.0
3420,A,1.0
3421,T,1.0
3422,G,1.0
3423,C,1.0
3424,T,1.0
3425,G,1.0
3426,G,1.0
3427,A,1.0
3428,G,1.0
3429,A,1.0
3430,A,1.0
3431,A,1.0
3432,T,1.0
3433,A,1.0
3434,G,1.0
3435,A,1.0
3436,A,1.0
3437,A,1.0
3438,T,1.0
3439,A,1.0
3440,A,1.0
3441,A,1.0
3442,C,1.0
3443,A,1.0
3444,T,1.0
3445,A,1.0
3446,A,1.0
3447,T,1.0
3448,C,1.0
3449,A,1.0
3450,T,1.0
3451,G,1.0
3452,T,1.0
3453,C,1.0
3454,C,1.0
3455,A,1.0
3456,T,1.0
3457,G,1.0
3458,T,1.0
3459,A,1.0
3460,A,1.0
3461,A,1.0
3462,A,1.0
3463,G,1.0
3464,C,1.0
3465,T,1.0
3466,A,1.0
3467,G,1.0
3468,C,1.0
3469,A,1.0
3470,G,1.0
3471,C,1.0
3472,A,1.0
3473,A,1.0
3474,T,1.0
3475,G,1.0
3476,T,1.0
3477,T,1.0
3478,T,1.0
3479,G,1.0
3480,G,1.0
3481,A,1.0
3482,G,1.0
3483,A,1.0
3484,T,1.0
3485,G,1.0
3486,G,1.0
3487,C,1.0
3488,T,1.0
3489,G,1.0
3490,G,1.0
3491,G,1.0
3492,G,1.0
3493,G,1.0
3494,A,1.0
3495,G,1.0
3496,G,1.0
3497,G,1.0
3498,T,1.0
3499,T,1.0
3500,A,1.0
3501,T,1.0
3502,A,1.0
3503,C,1.0
3504,A,1.0
3505,T,1.0
3506,A,1.0
3507,C,1.0
3508,A,1.0
3509,G,1.0
3510,T,1.0
3511,A,1.0
3512,G,1.0
3513,A,1.0
3514,A,1.0
3515,T,1.0
3516,G,1.0
3517,C,1.0
3518,T,1.0
3519,T,1.0
3520,T,1.0
3521,T,1.0
3522,A,1.0
3523,G,1.0
3524,C,1.0
3525,T,1.0
3526,T,1.0
3527,T,1.0
3528,T,1.0
3529,G,1.0
3530,A,1.0
3531,T,1.0
3532,T,1.0
3533,C,1.0
3534,A,1.0
3535,G,1.0
3536,A,1.0
3537,A,1.0
3538,A,1.0
3539,C,1.0
3540,G,1.0
3541,G,1.0
3542,A,1.0
3543,A,1.0
3544,A,1.0
3545,G,1.0
3546,A,1.0
3547,G,1.0
3548,A,1.0
3549,A,1.0
3550,C,1.0
3551,G,1.0
3552,C,1.0
3553,T,1.0
3554,T,1.0
3555,T,1.0
3556,G,1.0
3557,T,1.0
3558,A,1.0
3559,C,1.0
3560,A,1.0
3561,G,1.0
3562,T,1.0
3563,T,1.0
3564,T,1.0
3565,A,1.0
3566,C,1.0
3567,T,1.0
3568,A,1.0
3569,G,1.0
3570,G,1.0
3571,T,1.0
3572,T,1.0
3573,C,1.0
3574,C,1.0
3575,C,1.0
3576,T,1.0
3577,A,1.0
3578,A,1.0
3579,A,1.0
3580,G,1.0
3581,A,1.0
3582,C,1.0
3583,A,1.0
3584,C,1.0
3585,T,1.0
3586,A,1.0
3587,C,1.0
3588,A,1.0
3589,T,1.0
3590,A,1.0
3591,T,1.0
3592,G,1.0
3593,C,1.0
3594,C,1.0
3595,T,1.0
3596,A,1.0
3597,T,1.0
3598,G,1.0
3599,G,1.0
3600,A,1.0
3601,A,1.0
3602,A,1.0
3603,T,1.0
3604,T,1.0
3605,T,1.0
3606,A,1.0
3607,G,1.0
3608,A,1.0
3609,A,1.0
3610,T,1.0
3611,C,1.0
3612,A,1.0
3613,T,1.0
3614,T,1.0
3615,G,1.0
3616,T,1.0
3617,A,1.0
3618,A,1.0
3619,A,1.0
3620,A,1.0
3621,T,1.0
3622,G,1.0
3623,T,1.0
3624,A,1.0
3625,T,1.0
3626,A,1.0
3627,G,1.0
3628,A,1.0
3629,A,1.0
3630,C,1.0
3631,A,1.0
3632,A,1.0
3633,A,1.0
3634,A,1.0
3635,A,1.0
3636,G,1.0
3637,A,1.0
3638,G,1.0
3639,T,1.0
3640,A,1.0
3641,A,1.0
3642,A,1.0
3643,G,1.0
3644,C,1.0
3645,G,1.0
3646,T,1.0
3647,G,1.0
3648,A,1.0
3649,T,1.0
3650,A,1.0
3651,C,1.0
3652,T,1.0
3653,G,1.0
3654,T,1.0
3655,T,1.0
3656,G,1.0
3657,A,1.0
3658,A,1.0
3659,A,1.0
3660,A,1.0
3661,T,1.0
3662,A,1.0
3663,T,1.0
3664,C,1.0
3665,T,1.0
3666,A,1.0
3667,T,1.0
3668,C,1.0
3669,A,1.0
3670,A,1.0
3671,C,1.0
3672,A,1.0
3673,A,1.0
3674,T,1.0
3675,G,1.0
3676,C,1.0
3677,A,1.0
3678,A,1.0
3679,A,1.0
3680,A,1.0
3681,T,1.0
3682,A,1.0
3683,T,1.0
3684,C,1.0
3685,T,1.0
3686,G,1.0
3687,G,1.0
3688,T,1.0
3689,A,1.0
3690,A,1.0
3691,C,1.0
3692,T,1.0
3693,G,1.0
3694,C,1.0
3695,C,1.0
3696,C,1.0
3697,A,1.0
3698,C,1.0
3699,C,1.0
3700,T,1.0
3701,G,1.0
3702,A,1.0
3703,T,1.0
3704,G,1.0
3705,T,1.0
3706,A,1.0
3707,G,1.0
3708,T,1.0
3709,A,1.0
3710,A,1.0
3711,A,1.0
3712,T,1.0
3713,A,1.0
3714,A,1.0
3715,A,1.0
3716,G,1.0
3717,T,1.0
3718,A,1.0
3719,G,1.0
3720,A,1.0
3721,G,1.0
3722,C,1.0
3723,A,1.0
3724,A,1.0
3725,A,1.0
3726,C,1.0
3727,G,1.0
3728,A,1.0
3729,C,1.0
3730,C,1.0
3731,C,1.0
3732,T,1.0
3733,T,1.0
3734,G,1.0
3735,C,1.0
3736,T,1.0
3737,G,1.0
3738,A,1.0
3739,T,1.0
3740,C,1.0
3741,T,1.0
3742,A,1.0
3743,T,1.0
3744,T,1.0
3745,A,1.0
3746,T,1.0
3747,T,1.0
3748,A,1.0
3749,A,1.0
3750,A,1.0
3751,A,1.0
3752,A,1.0
3753,T,1.0
3754,A,1.0
3755,T,1.0
3756,T,1.0
3757,T,1.0
3758,G,1.0
3759,G,1.0
3760,A,1.0
3761,A,1.0
3762,G,1.0
3763,T,1.0
3764,G,1.0
3765,T,1.0
3766,A,1.0
3767,A,1.0
3768,T,1.0
3769,T,1.0
3770,T,1.0
3771,A,1.0
3772,T,1.0
3773,T,1.0
3774,T,1.0
3775,G,1.0
3776,G,1.0
3777,G,1.0
3778,T,1.0
3779,G,1.0
3780,G,1.0
3781,A,1.0
3782,T,1.0
3783,T,1.0
3784,G,1.0
3785,G,1.0
3786,G,1.0
3787,A,1.0
3788,A,1.0
3789,T,1.0
3790,T,1.0
3791,G,1.0
3792,G,1.0
3793,C,1.0
3794,A,1.0
3795,C,1.0
3796,A,1.0
3797,G,1.0
3798,G,1.0
3799,T,1.0
3800,T,1.0
3801,C,1.0
3802,T,1.0
3803,G,1.0
3804,G,1.0
3805,T,1.0
3806,G,1.0
3807,T,1.0
3808,T,1.0
3809,G,1.0
3810,G,1.0
3811,G,1.0
3812,G,1.0
3813,C,1.0
3814,T,1.0
3815,T,1.0
3816,C,1.0
3817,A,1.0
3818,A,1.0
3819,G,1.0
3820,T,1.0
3821,A,1.0
3822,T,1.0
3823,A,1.0
3824,A,1.0
3825,A,1.0
3826,A,1.0
3827,C,1.0
3828,C,1.0
3829,A,1.0
3830,A,1.0
3831,T,1.0
3832,T,1.0
3833,C,1.0
3834,C,1.0
3835,T,1.0
3836,G,1.0
3837,A,1.0
3838,A,1.0
3839,G,1.0
3840,C,1.0
3841,A,1.0
3842,C,1.0
3843,T,1.0
3844,T,1.0
3845,C,1.0
3846,C,1.0
3847,T,1.0
3848,A,1.0
3849,T,1.0
3850,A,1.0
3851,C,1.0
3852,C,1.0
3853,G,1.0
3854,G,1.0
3855,A,1.0
3856,A,1.0
3857,G,1.0
3858,G,1.0
3859,T,1.0
3860,G,1.0
3861,C,1.0
3862,A,1.0
3863,C,1.0
3864,C,1.0
3865,A,1.0
3866,A,1.0
3867,C,1.0
3868,A,1.0
3869,A,1.0
3870,A,1.0
3871,T,1.0
3872,G,1.0
3873,A,1.0
3874,A,1.0
3875,A,1.0
3876,T,1.0
3877,A,1.0
3878,C,1.0
3879,C,1.0
3880,A,1.0
3881,T,1.0
3882,T,1.0
3883,A,1.0
3884,G,1.0
3885,A,1.0
3886,A,1.0
3887,G,1.0
3888,A,1.0
3889,A,1.0
3890,T,1.0
3891,T,1.0
3892,A,1.0
3893,C,1.0
3894,C,1.0
3895,A,1.0
3896,T,1.0
3897,C,1.0
3898,A,1.0
3899,G,1.0
3900,T,1.0
3901,T,1.0
3902,A,1.0
3903,C,1.0
3904,A,1.0
3905,A,1.0
3906,G,1.0
3907,G,1.0
3908,C,1.0
3909,C,1.0
3910,C,1.0
3911,A,1.0
3912,G,1.0
3913,C,1.0
3914,A,1.0
3915,G,1.0
3916,A,1.0
3917,C,1.0
3918,C,1.0
3919,A,1.0
3920,A,1.0
3921,G,1.0
3922,C,1.0
3923,A,1.0
3924,G,1.0
3925,A,1.0
3926,C,1.0
3927,C,1.0
3928,T,1.0
3929,A,1.0
3930,C,1.0
3931,C,1.0
3932,A,1.0
3933,C,1.0
3934,A,1.0
3935,T,1.0
3936,T,1.0
3937,T,1.0
3938,G,1.0
3939,G,1.0
3940,T,1.0
3941,A,1.0
3942,C,1.0
3943,A,1.0
3944,C,1.0
3945,G,1.0
3946,T,1.0
3947,A,1.0
3948,T,1.0
3949,A,1.0
3950,G,1.0
3951,A,1.0
3952,T,1.0
3953,C,1.0
3954,C,1.0
3955,T,1.0
3956,A,1.0
3957,T,1.0
3958,T,1.0
3959,A,1.0
3960,G,1.0
3961,C,1.0
3962,T,1.0
3963,C,1.0
3964,T,1.0
3965,G,1.0
3966,C,1.0
3967,A,1.0
3968,A,1.0
3969,C,1.0
3970,A,1.0
3971,A,1.0
3972,A,1.0
3973,T,1.0
3974,C,1.0
3975,G,1.0
3976,T,1.0
3977,C,1.0
3978,C,1.0
3979,C,1.0
3980,C,1.0
3981,G,1.0
3982,G,1.0
3983,C,1.0
3984,C,1.0
3985,A,1.0
3986,G,1.0
3987,T,1.0
3988,A,1.0
3989,A,1.0
3990,A,1.0
3991,T,1.0
3992,C,1.0
3993,C,1.0
3994,A,1.0
3995,C,1.0
3996,G,1.0
3997,G,1.0
3998,G,1.0
3999,G,1.0
4000,T,1.0
4001,C,1.0
4002,C,1.0
4003,A,1.0
4004,G,1.0
4005,C,1.0
4006,T,1.0
4007,A,1.0
4008,T,1.0
4009,T,1.0
4010,G,1.0
4011,T,1.0
4012,A,1.0
4013,C,1.0
4014,C,1.0
4015,T,1.0
4016,C,1.0
4017,T,1.0
4018,T,1.0
4019,A,1.0
4020,G,1.0
4021,T,1.0
4022,G,1.0
4023,A,1.0
4024,A,1.0
4025,G,1.0
4026,A,1.0
4027,T,1.0
4028,G,1.0
4029,G,1.0
4030,A,1.0
4031,C,1.0
4032,T,1.0
4033,A,1.0
4034,C,1.0
4035,C,1.0
4036,A,1.0
4037,G,1.0
4038,A,1.0
4039,A,1.0
4040,C,1.0
4041,C,1.0
4042,T,1.0
4043,G,1.0
4044,C,1.0
4045,A,1.0
4046,A,1.0
4047,T,1.0
4048,A,1.0
4049,A,1.0
4050,T,1.0
4051,T,1.0
4052,G,1.0
4053,G,1.0
4054,G,1.0
4055,G,1.0
4056,G,1.0
4057,C,1.0
4058,G,1.0
4059,G,1.0
4060,T,1.0
4061,G,1.0
4062,C,1.0
4063,A,1.0
4064,A,1.0
4065,G,1.0
4066,T,1.0
4067,A,1.0
4068,A,1.0
4069,T,1.0
4070,G,1.0
4071,G,1.0
4072,G,1.0
4073,T,1.0
4074,A,1.0
4075,T,1.0
4076,G,1.0
4077,A,1.0
4078,G,1.0
4079,G,1.0
4080,T,1.0
4081,A,1.0
4082,T,1.0
4083,T,1.0
4084,A,1.0
4085,A,1.0
4086,C,1.0
4087,T,1.0
4088,A,1.0
4089,A,1.0
4090,T,1.0
4091,G,1.0
4092,T,1.0
4093,A,1.0
4094,G,1.0
4095,A,1.0
4096,T,1.0
4097,G,1.0
4098,C,1.0
4099,T,1.0
4100,T,1.0
4101,T,1.0
4102,T,1.0
4103,G,1.0
4104,A,1.0
4105,A,1.0
4106,G,1.0
4107,A,1.0
4108,C,1.0
4109,T,1.0
4110,T,1.0
4111,A,1.0
4112,A,1.0
4113,G,1.0
4114,T,1.0
4115,A,1.0
4116,C,1.0
4117,A,1.0
4118,G,1.0
4119,T,1.0
4120,A,1.0
4121,A,1.0
4122,C,1.0
4123,T,1.0
4124,G,1.0
4125,G,1.0
4126,T,1.0
4127,C,1.0
4128,A,1.0
4129,T,1.0
4130,C,1.0
4131,C,1.0
4132,T,1.0
4133,A,1.0
4134,C,1.0
4135,A,1.0
4136,G,1.0
4137,T,1.0
4138,T,1.0
4139,T,1.0
4140,T,1.0
4141,A,1.0
4142,C,1.0
4143,A,1.0
4144,T,1.0
4145,G,1.0
4146,G,1.0
4147,T,1.0
4148,C,1.0
4149,A,1.0
4150,G,1.0
4151,G,1.0
4152,A,1.0
4153,A,1.0
4154,G,1.0
4155,A,1.0
4156,T,1.0
4157,G,1.0
4158,T,1.0
4159,A,1.0
4160,G,1.0
4161,C,1.0
4162,T,1.0
4163,G,1.0
4164,T,1.0
4165,T,1.0
4166,T,1.0
4167,T,1.0
4168,A,1.0
4169,G,1.0
4170,A,1.0
4171,A,1.0
4172,G,1.0
4173,T,1.0
4174,A,1.0
4175,A,1.0
4176,C,1.0
4177,A,1.0
4178,C,1.0
4179,C,1.0
4180,A,1.0
4181,G,1.0
4182,T,1.0
4183,A,1.0
4184,G,1.0
4185,A,1.0
4186,A,1.0
4187,G,1.0
4188,G,1.0
4189,A,1.0
4190,G,1.0
4191,T,1.0
4192,C,1.0
4193,T,1.0
4194,C,1.0
4195,A,1.0
4196,C,1.0
4197,A,1.0
4198,T,1.0
4199,A,1.0
4200,G,1.0
4201,A,1.0
4202,A,1.0
4203,C,1.0
4204,T,1.0
4205,G,1.0
4206,T,1.0
4207,A,1.0
4208,T,1.0
4209,T,1.0
4210,A,1.0
4211,G,1.0
4212,G,1.0
4213,C,1.0
4214,A,1.0
4215,C,1.0
4216,T,1.0
4217,T,1.0
4218,C,1.0
4219,T,1.0
4220,A,1.0
4221,C,1.0
4222,A,1.0
4223,C,1.0
4224,A,1.0
4225,A,1.0
4226,G,1.0
4227,A,1.0
4228,T,1.0
4229,G,1.0
4230,A,1.0
4231,T,1.0
4232,A,1.0
4233,T,1.0
4234,C,1.0
4235,A,1.0
4236,T,1.0
4237,A,1.0
4238,T,1.0
4239,C,1.0
4240,T,1.0
4241,A,1.0
4242,T,1.0
4243,T,1.0
4244,A,1.0
4245,T,1.0
4246,T,1.0
4247,G,1.0
4248,A,1.0
4249,C,1.0
4250,A,1.0
4251,G,1.0
4252,T,1.0
4253,A,1.0
4254,G,1.0
4255,T,1.0
4256,A,1.0
4257,T,1.0
4258,T,1.0
4259,T,1.0
4260,C,1.0
4261,T,1.0
4262,G,1.0
4263,C,1.0
4264,A,1.0
4265,A,1.0
4266,C,1.0
4267,A,1.0
4268,A,1.0
4269,C,1.0
4270,A,1.0
4271,G,1.0
4272,A,1.0
4273,A,1.0
4274,A,1.0
4275,C,1.0
4276,T,1.0
4277,A,1.0
4278,T,1.0
4279,C,1.0
4280,A,1.0
4281,A,1.0
4282,T,1.0
4283,G,1.0
4284,T,1.0
4285,T,1.0
4286,T,1.0
4287,T,1.0
4288,T,1.0
4289,G,1.0
4290,T,1.0
4291,A,1.0
4292,A,1.0
4293,A,1.0
4294,T,1.0
4295,C,1.0
4296,C,1.0
4297,A,1.0
4298,G,1.0
4299,A,1.0
4300,T,1.0
4301,T,1.0
4302,T,1.0
4303,T,1.0
4304,G,1.0
4305,G,1.0
4306,A,1.0
4307,G,1.0
4308,G,1.0
4309,A,1.0
4310,G,1.0
4311,T,1.0
4312,G,1.0
4313,G,1.0
4314,A,1.0
4315,A,1.0
4316,A,1.0
4317,T,1.0
4318,T,1.0
4319,G,1.0
4320,G,1.0
4321,A,1.0
4322,G,1.0
4323,A,1.0
4324,A,1.0
4325,G,1.0
4326,A,1.0
4327,A,1.0
4328,A,1.0
4329,T,1.0
4330,A,1.0
4331,G,1.0
4332,A,1.0
4333,A,1.0
4334,T,1.0
4335,T,1.0
4336,A,1.0
4337,A,1.0
4338,G,1.0
4339,T,1.0
4340,C,1.0
4341,C,1.0
4342,A,1.0
4343,A,1.0
4344,T,1.0
4345,A,1.0
4346,A,1.0
4347,A,1.0
4348,T,1.0
4349,A,1.0
4350,C,1.0
4351,T,1.0
4352,A,1.0
4353,T,1.0
4354,A,1.0
4355,C,1.0
4356,A,1.0
4357,A,1.0
4358,G,1.0
4359,A,1.0
4360,A,1.0
4361,T,1.0
4362,T,1.0
4363,T,1.0
4364,G,1.0
4365,A,1.0
4366,A,1.0
4367,A,1.0
4368,T,1.0
4369,T,1.0
4370,G,1.0
4371,A,1.0
4372,A,1.0
4373,G,1.0
4374,A,1.0
4375,G,1.0
4376,C,1.0
4377,A,1.0
4378,G,1.0
4379,A,1.0
4380,T,1.0
4381,T,1.0
4382,C,1.0
4383,C,1.0
4384,T,1.0
4385,A,1.0
4386,G,1.0
4387,A,1.0
4388,G,1.0
4389,A,1.0
4390,A,1.0
4391,A,1.0
4392,G,1.0
4393,T,1.0
4394,A,1.0
4395,C,1.0
4396,T,1.0
4397,C,1.0
4398,C,1.0
4399,A,1.0
4400,T,1.0
4401,C,1.0
4402,T,1.0
4403,C,1.0
4404,G,1.0
4405,G,1.0
4406,A,1.0
4407,T,1.0
4408,T,1.0
4409,T,1.0
4410,T,1.0
4411,T,1.0
4412,A,1.0
4413,A,1.0
4414,C,1.0
4415,A,1.0
4416,G,1.0
4417,A,1.0
4418,A,1.0
4419,C,1.0
4420,T,1.0
4421,C,1.0
4422,T,1.0
4423,A,1.0
4424,G,1.0
4425,G,1.0
4426,G,1.0
4427,C,1.0
4428,G,1.0
4429,C,1.0
4430,G,1.0
4431,C,1.0
4432,C,1.0
4433,A,1.0
4434,G,1.0
4435,A,1.0
4436,C,1.0
4437,A,1.0
4438,G,1.0
4439,T,1.0
4440,T,1.0
4441,G,1.0
4442,T,1.0
4443,A,1.0
4444,T,1.0
4445,A,1.0
4446,A,1.0
4447,T,1.0
4448,C,1.0
4449,G,1.0
4450,A,1.0
4451,A,1.0
4452,T,1.0
4453,A,1.0
4454,G,1.0
4455,T,1.0
4456,T,1.0
4457,G,1.0
4458,A,1.0
4459,G,1.0
4460,C,1.0
4461,A,1.0
4462,G,1.0
4463,G,1.0
4464,C,1.0
4465,T,1.0
4466,C,1.0
4467,C,1.0
4468,A,1.0
4469,A,1.0
4470,C,1.0
4471,T,1.0
4472,C,1.0
4473,G,1.0
4474,A,1.0
4475,A,1.0
4476,A,1.0
4477,C,1.0
4478,A,1.0
4479,T,1.0
4480,A,1.0
4481,G,1.0
4482,A,1.0
4483,T,1.0
4484,T,1.0
4485,T,1.0
4486,T,1.0
4487,C,1.0
4488,T,1.0
4489,A,1.0
4490,G,1.0
4491,G,1.0
4492,T,1.0
4493,C,1.0
4494,A,1.0
4495,A,1.0
4496,C,1.0
4497,C,1.0
4498,T,1.0
4499,T,1.0
4500,C,1.0
4501,C,1.0
4502,C,1.0
4503,G,1.0
4504,C,1.0
4505,G,1.0
4506,C,1.0
4507,A,1.0
4508,A,1.0
4509,T,1.0
4510,T,1.0
4511,T,1.0
4512,T,1.0
4513,A,1.0
4514,T,1.0
4515,T,1.0
4516,T,1.0
4517,G,1.0
4518,A,1.0
4519,G,1.0
4520,T,1.0
4521,A,1.0
4522,T,1.0
4523,G,1.0
4524,A,1.0
4525,T,1.0
4526,A,1.0
4527,A,1.0
4528,T,1.0
4529,C,1.0
4530,C,1.0
4531,C,1.0
4532,G,1.0
4533,C,1.0
4534,C,1.0
4535,T,1.0
4536,T,1.0
4537,T,1.0
4538,T,1.0
4539,C,1.0
4540,C,1.0
4541,G,1.0
4542,A,1.0
4543,T,1.0
4544,G,1.0
4545,A,1.0
4546,T,1.0
4547,G,1.0
4548,T,1.0
4549,C,1.0
4550,A,1.0
4551,C,1.0
4552,T,1.0
4553,T,1.0
4554,T,1.0
4555,G,1.0
4556,A,1.0
4557,C,1.0
4558,C,1.0
4559,T,1.0
4560,T,1.0
4561,T,1.0
4562,G,1.0
4563,A,1.0
4564,A,1.0
4565,A,1.0
4566,G,1.0
4567,A,1.0
4568,G,1.0
4569,A,1.0
4570,T,1.0
4571,T,1.0
4572,T,1.0
4573,A,1.0
4574,C,1.0
4575,A,1.0
4576,G,1.0
4577,G,1.0
4578,A,1.0
4579,G,1.0
4580,G,1.0
4581,T,1.0
4582,A,1.0
4583,G,1.0
4584,C,1.0
4585,A,1.0
4586,G,1.0
4587,C,1.0
4588,T,1.0
4589,G,1.0
4590,C,1.0
4591,A,1.0
4592,C,1.0
4593,C,1.0
4594,G,1.0
4595,G,1.0
4596,A,1.0
4597,T,1.0
4598,C,1.0
4599,C,1.0
4600,T,1.0
4601,A,1.0
4602,C,1.0
4603,T,1.0
4604,T,1.0
4605,T,1.0
4606,C,1.0
4607,A,1.0
4608,C,1.0
4609,A,1.0
4610,G,1.0
4611,A,1.0
4612,T,1.0
4613,G,1.0
4614,T,1.0
4615,T,1.0
4616,A,1.0
4617,T,1.0
4618,T,1.0
4619,C,1.0
4620,A,1.0
4621,A,1.0
4622,C,1.0
4623,T,1.0
4624,A,1.0
4625,C,1.0
4626,A,1.0
4627,G,1.0
4628,A,1.0
4629,A,1.0
4630,A,1.0
4631,C,1.0
4632,C,1.0
4633,T,1.0
4634,C,1.0
4635,A,1.0
4636,G,1.0
4637,T,1.0
4638,T,1.0
4639,T,1.0
4640,G,1.0
4641,C,1.0
4642,T,1.0
4643,A,1.0
4644,T,1.0
4645,A,1.0
4646,A,1.0
4647,A,1.0
4648,T,1.0
4649,C,1.0
4650,A,1.0
4651,G,1.0
4652,G,1.0
4653,A,1.0
4654,A,1.0
4655,G,1.0
4656,G,1.0
4657,T,1.0
4658,T,1.0
4659,T,1.0
4660,A,1.0
4661,G,1.0
4662,T,1.0
4663,C,1.0
4664,A,1.0
4665,G,1.0
4666,A,1.0
4667,T,1.0
4668,T,1.0
4669,T,1.0
4670,A,1.0
4671,G,1.0
4672,T,1.0
4673,A,1.0
4674,G,1.0
4675,A,1.0
4676,C,1.0
4677,T,1.0
4678,T,1.0
4679,G,1.0
4680,G,1.0
4681,A,1.0
4682,A,1.0
4683,C,1.0
4684,C,1.0
4685,A,1.0
4686,G,1.0
4687,A,1.0
4688,G,1.0
4689,G,1.0
4690,A,1.0
4691,A,1.0
4692,A,1.0
4693,G,1.0
4694,A,1.0
4695,T,1.0
4696,T,1.0
4697,A,1.0
4698,G,1.0
4699,T,1.0
4700,A,1.0
4701,C,1.0
4702,C,1.0
4703,A,1.0
4704,G,1.0
4705,A,1.0
4706,A,1.0
4707,G,1.0
4708,T,1.0
4709,G,1.0
4710,G,1.0
4711,T,1.0
4712,A,1.0
4713,C,1.0
4714,A,1.0
4715,A,1.0
4716,T,1.0
4717,A,1.0
4718,T,1.0
4719,T,1.0
4720,A,1.0
4721,A,1.0
4722,A,1.0
4723,G,1.0
4724,C,1.0
4725,A,1.0
4726,G,1.0
4727,A,1.0
4728,A,1.0
4729,G,1.0
4730,G,1.0
4731,T,1.0
4732,T,1.0
4733,C,1.0
4734,A,1.0
4735,T,1.0
4736,T,1.0
4737,T,1.0
4738,T,1.0
4739,T,1.0
4740,A,1.0
4741,T,1.0
4742,T,1.0
4743,A,1.0
4744,T,1.0
4745,G,1.0
4746,A,1.0
4747,T,1.0
4748,T,1.0
4749,T,1.0
4750,A,1.0
4751,A,1.0
4752,G,1.0
4753,C,1.0
4754,C,1.0
4755,C,1.0
4756,A,1.0
4757,A,1.0
4758,T,1.0
4759,A,1.0
4760,G,1.0
4761,C,1.0
4762,A,1.0
4763,C,1.0
4764,C,1.0
4765,A,1.0
4766,G,1.0
4767,T,1.0
4768,G,1.0
4769,C,1.0
4770,A,1.0
4771,A,1.0
4772,G,1.0
4773,A,1.0
4774,A,1.0
4775,A,1.0
4776,A,1.0
4777,C,1.0
4778,A,1.0
4779,T,1.0
4780,A,1.0
4781,G,1.0
4782,A,1.0
4783,A,1.0
4784,T,1.0
4785,T,1.0
4786,A,1.0
4787,A,1.0
4788,A,1.0
4789,T,1.0
4790,G,1.0
4791,T,1.0
4792,G,1.0
4793,T,1.0
4794,T,1.0
4795,T,1.0
4796,C,1.0
4797,A,1.0
4798,G,1.0
4799,G,1.0
4800,A,1.0
4801,C,1.0
4802,T,1.0
4803,C,1.0
4804,G,1.0
4805,T,1.0
4806,C,1.0
4807,A,1.0
4808,G,1.0
4809,A,1.0
4810,T,1.0
4811,G,1.0
4812,C,1.0
4813,A,1.0
4814,G,1.0
4815,T,1.0
4816,A,1.0
4817,A,1.0
4818,C,1.0
4819,T,1.0
4820,A,1.0
4821,T,1.0
4822,T,1.0
4823,G,1.0
4824,T,1.0
4825,A,1.0
4826,G,1.0
4827,A,1.0
4828,T,1.0
4829,G,1.0
4830,A,1.0
4831,A,1.0
4832,C,1.0
4833,T,1.0
4834,A,1.0
4835,A,1.0
4836,G,1.0
4837,T,1.0
4838,A,1.0
4839,G,1.0
4840,T,1.0
4841,A,1.0
4842,G,1.0
4843,C,1.0
4844,A,1.0
4845,C,1.0
4846,A,1.0
4847,T,1.0
4848,T,1.0
4849,T,1.0
4850,A,1.0
4851,T,1.0
4852,A,1.0
4853,A,1.0
4854,A,1.0
4855,C,1.0
4856,C,1.0
4857,C,1.0
4858,T,1.0
4859,C,1.0
4860,T,1.0
4861,G,1.0
4862,T,1.0
4863,T,1.0
4864,T,1.0
4865,G,1.0
4866,A,1.0
4867,A,1.0
4868,G,1.0
4869,A,1.0
4870,G,1.0
4871,A,1.0
4872,A,1.0
4873,T,1.0
4874,T,1.0
4875,T,1.0
4876,A,1.0
4877,G,1.0
4878,G,1.0
4879,G,1.0
4880,G,1.0
4881,A,1.0
4882,A,1.0
4883,A,1.0
4884,G,1.0
4885,T,1.0
4886,G,1.0
4887,C,1.0
4888,T,1.0
4889,C,1.0
4890,T,1.0
4891,A,1.0
4892,A,1.0
4893,T,1.0
4894,T,1.0
4895,G,1.0
4896,A,1.0
4897,T,1.0
4898,G,1.0
4899,A,1.0
4900,C,1.0
4901,C,1.0
4902,T,1.0
4903,T,1.0
4904,A,1.0
4905,A,1.0
4906,T,1.0
4907,G,1.0
4908,A,1.0
4909,A,1.0
4910,G,1.0
4911,T,1.0
4912,T,1.0
4913,T,1.0
4914,T,1.0
4915,T,1.0
4916,G,1.0
4917,A,1.0
4918,A,1.0
4919,A,1.0
4920,A,1.0
4921,T,1.0
4922,G,1.0
4923,C,1.0
4924,A,1.0
4925,C,1.0
4926,A,1.0
4927,T,1.0
4928,C,1.0
4929,T,1.0
4930,A,1.0
4931,G,1.0
4932,C,1.0
4933,T,1.0
4934,T,1.0
4935,T,1.0
4936,G,1.0
4937,A,1.0
4938,T,1.0
4939,A,1.0
4940,G,1.0
4941,A,1.0
4942,A,1.0
4943,G,1.0
4944,A,1.0
4945,A,1.0
4946,A,1.0
4947,C,1.0
4948,T,1.0
4949,G,1.0
4950,A,1.0
4951,G,1.0
4952,G,1.0
4953,A,1.0
4954,G,1.0
4955,G,1.0
4956,A,1.0
4957,T,1.0
4958,C,1.0
4959,A,1.0
4960,A,1.0
4961,A,1.0
4962,T,1.0
4963,C,1.0
4964,A,1.0
4965,T,1.0
4966,T,1.0
4967,G,1.0
4968,T,1.0
4969,A,1.0
4970,C,1.0
4971,C,1.0
4972,T,1.0
4973,A,1.0
4974,C,1.0
4975,T,1.0
4976,T,1.0
4977,T,1.0
4978,A,1.0
4979,G,1.0
4980,T,1.0
4981,A,1.0
4982,A,1.0
4983,C,1.0
4984,A,1.0
4985,G,1.0
4986,A,1.0
4987,C,1.0
4988,T,1.0
4989,C,1.0
4990,A,1.0
4991,G,1.0
4992,T,1.0
4993,A,1.0
4994,C,1.0
4995,C,1.0
4996,A,1.0
4997,A,1.0
4998,A,1.0
4999,G,1.0
5000,T,1.0
5001,T,1.0
5002,T,1.0
5003,T,1.0
5004,T,1.0
5005,T,1.0
5006,T,1.0
5007,C,1.0
5008,T,1.0
5009,A,1.0
5010,A,1.0
5011,T,1.0
5012,G,1.0
5013,A,1.0
5014,C,1.0
5015,T,1.0
5016,A,1.0
5017,C,1.0
5018,T,1.0
5019,T,1.0
5020,T,1.0
5021,T,1.0
5022,C,1.0
5023,C,1.0
5024,A,1.0
5025,A,1.0
5026,A,1.0
5027,T,1.0
5028,T,1.0
5029,T,1.0
5030,T,1.0
5031,C,1.0
5032,A,1.0
5033,G,1.0
5034,T,1.0
5035,A,1.0
5036,A,1.0
5037,T,1.0
5038,T,1.0
5039,A,1.0
5040,A,1.0
5041,C,1.0
5042,A,1.0
5043,G,1.0
5044,T,1.0
5045,A,1.0
5046,A,1.0
5047,C,1.0
5048,G,1.0
5049,A,1.0
5050,A,1.0
5051,T,1.0
5052,C,1.0
5053,T,1.0
5054,C,1.0
5055,C,1.0
5056,T,1.0
5057,C,1.0
5058,C,1.0
5059,T,1.0
5060,A,1.0
5061,T,1.0
5062,G,1.0
5063,T,1.0
5064,C,1.0
5065,A,1.0
5066,G,1.0
5067,T,1.0
5068,A,1.0
5069,G,1.0
5070,A,1.0
5071,T,1.0
5072,G,1.0
5073,A,1.0
5074,A,1.0
5075,G,1.0
5076,C,1.0
5077,T,1.0
5078,T,1.0
5079,C,1.0
5080,C,1.0
5081,A,1.0
5082,T,1.0
5083,T,1.0
5084,T,1.0
5085,A,1.0
5086,T,1.0
5087,C,1.0
5088,C,1.0
5089,A,1.0
5090,G,1.0
5091,C,1.0
5092,A,1.0
5093,A,1.0
5094,T,1.0
5095,T,1.0
5096,C,1.0
5097,A,1.0
5098,A,1.0
5099,A,1.0
5100,T,1.0
5101,A,1.0
5102,G,1.0
5103,A,1.0
5104,T,1.0
5105,C,1.0
5106,C,1.0
5107,A,1.0
5108,T,1.0
5109,A,1.0
5110,T,1.0
5111,G,1.0
5112,G,1.0
5113,T,1.0
5114,T,1.0
5115,C,1.0
5116,T,1.0
5117,G,1.0
5118,A,1.0
5119,C,1.0
5120,T,1.0
5121,A,1.0
5122,T,1.0
5123,T,1.0
5124,A,1.0
5125,T,1.0
5126,T,1.0
5127,T,1.0
5128,A,1.0
5129,C,1.0
5130,A,1.0
5131,T,1.0
5132,C,1.0
5133,C,1.0
5134,T,1.0
5135,T,1.0
5136,C,1.0
5137,T,1.0
5138,T,1.0
5139,T,1.0
5140,A,1.0
5141,A,1.0
5142,T,1.0
5143,G,1.0
5144,A,1.0
5145,A,1.0
5146,A,1.0
5147,C,1.0
5148,G,1.0
5149,G,1.0
5150,C,1.0
5151,G,1.0
5152,G,1.0
5153,A,1.0
5154,A,1.0
5155,G,1.0
5156,C,1.0
5157,G,1.0
5158,T,1.0
5159,A,1.0
5160,A,1.0
5161,A,1.0
5162,T,1.0
5163,A,1.0
5164,T,1.0
5165,T,1.0
5166,C,1.0
5167,A,1.0
5168,G,1.0
5169,A,1.0
5170,C,1.0
5171,T,1.0
5172,T,1.0
5173,A,1.0
5174,C,1.0
5175,T,1.0
5176,T,1.0
5177,T,1.0
5178,A,1.0
5179,A,1.0
5180,T,1.0
5181,T,1.0
5182,G,1.0
5183,T,1.0
5184,T,1.0
5185,T,1.0
5186,T,1.0
5187,T,1.0
5188,C,1.0
5189,A,1.0
5190,G,1.0
5191,A,1.0
5192,T,1.0
5193,G,1.0
5194,A,1.0
5195,C,1.0
5196,T,1.0
5197,C,1.0
5198,T,1.0
5199,G,1.0
5200,T,1.0
5201,G,1.0
5202,G,1.0
5203,A,1.0
5204,T,1.0
5205,G,1.0
5206,C,1.0
5207,A,1.0
5208,A,1.0
5209,C,1.0
5210,A,1.0
5211,T,1.0
5212,T,1.0
5213,C,1.0
5214,T,1.0
5215,G,1.0
5216,G,1.0
5217,A,1.0
5218,A,1.0
5219,A,1.0
5220,A,1.0
5221,T,1.0
5222,T,1.0
5223,A,1.0
5224,T,1.0
5225,A,1.0
5226,C,1.0
5227,C,1.0
5228,T,1.0
5229,A,1.0
5230,C,1.0
5231,C,1.0
5232,A,1.0
5233,C,1.0
5234,C,1.0
5235,A,1.0
5236,G,1.0
5237,C,1.0
5238,A,1.0
5239,A,1.0
5240,A,1.0
5241,G,1.0
5242,C,1.0
5243,C,1.0
5244,A,1.0
5245,G,1.0
5246,T,1.0
5247,G,1.0
5248,G,1.0
5249,C,1.0
5250,C,1.0
5251,A,1.0
5252,A,1.0
5253,A,1.0
5254,G,1.0
5255,T,1.0
5256,A,1.0
5257,T,1.0
5258,T,1.0
5259,A,1.0
5260,A,1.0
5261,A,1.0
5262,T,1.0
5263,A,1.0
5264,C,1.0
5265,A,1.0
5266,G,1.0
5267,A,1.0
5268,T,1.0
5269,G,1.0
5270,A,1.0
5271,T,1.0
5272,T,1.0
5273,A,1.0
5274,T,1.0
5275,G,1.0
5276,T,1.0
5277,T,1.0
5278,G,1.0
5279,T,1.0
5280,T,1.0
5281,G,1.0
5282,G,1.0
5283,A,1.0
5284,A,1.0
5285,C,1.0
5286,A,1.0
5287,A,1.0
5288,A,1.0
5289,T,1.0
5290,C,1.0
5291,T,1.0
5292,G,1.0
5293,T,1.0
5294,T,1.0
5295,T,1.0
5296,T,1.0
5297,T,1.0
5298,C,1.0
5299,C,1.0
5300,A,1.0
5301,T,1.0
5302,G,1.0
5303,C,1.0
5304,C,1.0
5305,T,1.0
5306,C,1.0
5307,T,1.0
5308,T,1.0
5309,C,1.0
5310,T,1.0
5311,G,1.0
5312,A,1.0
5313,A,1.0
5314,A,1.0
5315,G,1.0
5316,A,1.0
5317,T,1.0
5318,T,1.0
5319,A,1.0
5320,T,1.0
5321,T,1.0
5322,A,1.0
5323,A,1.0
5324,C,1.0
5325,G,1.0
5326,G,1.0
5327,T,1.0
5328,T,1.0
5329,G,1.0
5330,G,1.0
5331,A,1.0
5332,C,1.0
5333,A,1.0
5334,C,1.0
5335,C,1.0
5336,C,1.0
5337,T,1.0
5338,T,1.0
5339,A,1.0
5340,C,1.0
5341,T,1.0
5342,T,1.0
5343,T,1.0
5344,G,1.0
5345,A,1.0
5346,A,1.0
5347,A,1.0
5348,T,1.0
5349,T,1.0
5350,C,1.0
5351,C,1.0
5352,A,1.0
5353,A,1.0
5354,A,1.0
5355,T,1.0
5356,C,1.0
5357,A,1.0
5358,G,1.0
5359,G,1.0
5360,C,1.0
5361,T,1.0
5362,A,1.0
5363,T,1.0
5364,A,1.0
5365,C,1.0
5366,C,1.0
5367,C,1.0
5368,G,1.0
5369,G,1.0
5370,A,1.0
5371,G,1.0
5372,C,1.0
5373,T,1.0
5374,T,1.0
5375,T,1.0
5376,A,1.0
5377,G,1.0
5378,C,1.0
5379,T,1.0
5380,G,1.0
5381,T,1.0
5382,T,1.0
5383,C,1.0
5384,C,1.0
5385,A,1.0
5386,A,1.0
5387,A,1.0
5388,A,1.0
5389,G,1.0
5390,T,1.0
5391,C,1.0
5392,T,1.0
5393,C,1.0
5394,T,1.0
5395,G,1.0
5396,G,1.0
5397,A,1.0
5398,T,1.0
5399,C,1.0
5400,T,1.0
5401,C,1.0
5402,A,1.0
5403,A,1.0
5404,T,1.0
5405,A,1.0
5406,C,1.0
5407,A,1.0
5408,G,1.0
5409,A,1.0
5410,G,1.0
5411,T,1.0
5412,T,1.0
5413,T,1.0
5414,T,1.0
5415,T,1.0
5416,A,1.0
5417,G,1.0
5418,A,1.0
5419,T,1.0
5420,G,1.0
5421,C,1.0
5422,T,1.0
5423,T,1.0
5424,A,1.0
5425,T,1.0
5426,T,1.0
5427,A,1.0
5428,C,1.0
5429,C,1.0
5430,A,1.0
5431,G,1.0
5432,A,1.0
5433,T,1.0
5434,C,1.0
5435,C,1.0
5436,T,1.0
5437,A,1.0
5438,A,1.0
5439,T,1.0
5440,A,1.0
5441,A,1.0
5442,A,1.0
5443,T,1.0
5444,T,1.0
5445,T,1.0
5446,G,1.0
5447,C,1.0
5448,A,1.0
5449,C,1.0
5450,T,1.0
5451,T,1.0
5452,A,1.0
5453,T,1.0
5454,C,1.0
5455,G,1.0
5456,A,1.0
5457,A,1.0
5458,A,1.0
5459,A,1.0
5460,A,1.0
5461,T,1.0
5462,C,1.0
5463,A,1.0
5464,A,1.0
5465,T,1.0
5466,A,1.0
5467,T,1.0
5468,A,1.0
5469,T,1.0
5470,A,1.0
5471,A,1.0
5472,T,1.0
5473,C,1.0
5474,C,1.0
5475,A,1.0
5476,G,1.0
5477,A,1.0
5478,A,1.0
5479,A,1.0
5480,G,1.0
5481,G,1.0
5482,G,1.0
5483,A,1.0
5484,A,1.0
5485,C,1.0
5486,G,1.0
5487,A,1.0
5488,T,1.0
5489,T,1.0
5490,A,1.0
5491,G,1.0
5492,T,1.0
5493,T,1.0
5494,T,1.0
5495,G,1.0
5496,G,1.0
5497,A,1.0
5498,A,1.0
5499,A,1.0
5500,C,1.0
5501,T,1.0
5502,T,1.0
5503,A,1.0
5504,A,1.0
5505,A,1.0
5506,G,1.0
5507,G,1.0
5508,C,1.0
5509,T,1.0
5510,T,1.0
5511,A,1.0
5512,C,1.0
5513,A,1.0
5514,A,1.0
5515,T,1.0
5516,T,1.0
5517,A,1.0
5518,G,1.0
5519,G,1.0
5520,T,1.0
5521,C,1.0
5522,G,1.0
5523,T,1.0
5524,G,1.0
5525,G,1.0
5526,T,1.0
5527,G,1.0
5528,G,1.0
5529,A,1.0
5530,C,1.0
5531,C,1.0
5532,G,1.0
5533,T,1.0
5534,T,1.0
5535,A,1.0
5536,G,1.0
5537,G,1.0
5538,G,1.0
5539,G,1.0
5540,T,1.0
5541,T,1.0
5542,G,1.0
5543,G,1.0
5544,A,1.0
5545,A,1.0
5546,C,1.0
5547,C,1.0
5548,A,1.0
5549,G,1.0
5550,T,1.0
5551,G,1.0
5552,G,1.0
5553,T,1.0
5554,C,1.0
5555,A,1.0
5556,T,1.0
5557,C,1.0
5558,C,1.0
5559,T,1.0
5560,C,1.0
5561,T,1.0
5562,T,1.0
5563,T,1.0
5564,T,1.0
5565,T,1.0
5566,A,1.0
5567,A,1.0
5568,T,1.0
5569,A,1.0
5570,A,1.0
5571,A,1.0
5572,G,1.0
5573,T,1.0
5574,G,1.0
5575,C,1.0
5576,T,1.0
5577,T,1.0
5578,G,1.0
5579,A,1.0
5580,C,1.0
5581,A,1.0
5582,C,1.0
5583,A,1.0
5584,G,1.0
5585,A,1.0
5586,A,1.0
5587,A,1.0
5588,A,1.0
5589,T,1.0
5590,C,1.0
5591,C,1.0
5592,T,1.0
5593,A,1.0
5594,A,1.0
5595,T,1.0
5596,G,1.0
5597,C,1.0
5598,T,1.0
5599,T,1.0
5600,A,1.0
5601,T,1.0
5602,C,1.0
5603,C,1.0
5604,T,1.0
5605,C,1.0
5606,C,1.0
5607,A,1.0
5608,G,1.0
5609,A,1.0
5610,A,1.0
5611,C,1.0
5612,A,1.0
5613,A,1.0
5614,A,1.0
5615,C,1.0
5616,A,1.0
5617,G,1.0
5618,A,1.0
5619,C,1.0
5620,G,1.0
5621,A,1.0
5622,A,1.0
5623,C,1.0
5624,A,1.0
5625,A,1.0
5626,A,1.0
5627,G,1.0
5628,G,1.0
5629,C,1.0
5630,A,1.0
5631,A,1.0
5632,A,1.0
5633,A,1.0
5634,T,1.0
5635,G,1.0
5636,T,1.0
5637,C,1.0
5638,A,1.0
5639,G,1.0
5640,C,1.0
5641,A,1.0
5642,T,1.0
5643,G,1.0
5644,G,1.0
5645,A,1.0
5646,T,1.0
5647,C,1.0
5648,C,1.0
5649,C,1.0
5650,A,1.0
5651,A,1.0
5652,A,1.0
5653,C,1.0
5654,A,1.0
5655,G,1.0
5656,G,1.0
5657,T,1.0
5658,T,1.0
5659,C,1.0
5660,A,1.0
5661,G,1.0
5662,A,1.0
5663,T,1.0
5664,G,1.0
5665,T,1.0
5666,T,1.0
5667,A,1.0
5668,A,1.0
5669,T,1.0
5670,A,1.0
5671,G,1.0
5672,T,1.0
5673,A,1.0
5674,G,1.0
5675,G,1.0
5676,T,1.0
5677,T,1.0
5678,G,1.0
5679,C,1.0
5680,G,1.0
5681,A,1.0
5682,A,1.0
5683,C,1.0
5684,C,1.0
5685,A,1.0
5686,G,1.0
5687,C,1.0
5688,T,1.0
5689,A,1.0
5690,T,1.0
5691,G,1.0
5692,G,1.0
5693,G,1.0
5694,T,1.0
5695,G,1.0
5696,A,1.0
5697,G,1.0
5698,C,1.0
5699,A,1.0
5700,T,1.0
5701,T,1.0
5702,G,1.0
5703,G,1.0
5704,G,1.0
5705,A,1.0
5706,T,1.0
5707,G,1.0
5708,T,1.0
5709,T,1.0
5710,G,1.0
5711,C,1.0
5712,A,1.0
5713,A,1.0
5714,A,1.0
5715,G,1.0
5716,C,1.0
5717,C,1.0
5718,G,1.0
5719,T,1.0
5720,G,1.0
5721,C,1.0
5722,G,1.0
5723,T,1.0
5724,T,1.0
5725,G,1.0
5726,G,1.0
5727,A,1.0
5728,G,1.0
5729,A,1.0
5730,A,1.0
5731,C,1.0
5732,A,1.0
5733,A,1.0
5734,A,1.0
5735,A,1.0
5736,T,1.0
5737,A,1.0
5738,A,1.0
5739,T,1.0
5740,G,1.0
5741,G,1.0
5742,C,1.0
5743,G,1.0
5744,A,1.0
5745,T,1.0
5746,T,1.0
5747,G,1.0
5748,T,1.0
5749,C,1.0
5750,C,1.0
5751,A,1.0
5752,C,1.0
5753,C,1.0
5754,T,1.0
5755,A,1.0
5756,T,1.0
5757,T,1.0
5758,G,1.0
5759,A,1.0
5760,A,1.0
5761,T,1.0
5762,T,1.0
5763,A,1.0
5764,G,1.0
5765,T,1.0
5766,C,1.0
5767,A,1.0
5768,G,1.0
5769,T,1.0
5770,T,1.0
5771,C,1.0
5772,A,1.0
5773,G,1.0
5774,T,1.0
5775,A,1.0
5776,A,1.0
5777,T,1.0
5778,A,1.0
5779,C,1.0
5780,A,1.0
5781,A,1.0
5782,G,1.0
5783,A,1.0
5784,T,1.0
5785,G,1.0
5786,G,1.0
5787,T,1.0
5788,G,1.0
5789,A,1.0
5790,T,1.0
5791,A,1.0
5792,T,1.0
5793,G,1.0
5794,T,1.0
5795,G,1.0
5796,T,1.0
5797,G,1.0
5798,A,1.0
5799,C,1.0
5800,A,1.0
5801,C,1.0
5802,A,1.0
5803,G,1.0
5804,G,1.0
5805,A,1.0
5806,T,1.0
5807,T,1.0
5808,T,1.0
5809,G,1.0
5810,G,1.0
5811,T,1.0
5812,G,1.0
5813,C,1.0
5814,A,1.0
5815,G,1.0
5816,C,1.0
5817,C,1.0
5818,A,1.0
5819,A,1.0
5820,T,1.0
5821,T,1.0
5822,T,1.0
5823,T,1.0
5824,A,1.0
5825,G,1.0
5826,A,1.0
5827,C,1.0
5828,G,1.0
5829,A,1.0
5830,T,1.0
5831,T,1.0
5832,A,1.0
5833,C,1.0
5834,A,1.0
5835,A,1.0
5836,C,1.0
5837,A,1.0
5838,G,1.0
5839,G,1.0
5840,A,1.0
5841,C,1.0
5842,A,1.0
5843,A,1.0
5844,A,1.0
5845,T,1.0
5846,C,1.0
5847,A,1.0
5848,G,1.0
5849,G,1.0
5850,A,1.0
5851,G,1.0
5852,T,1.0
5853,T,1.0
5854,C,1.0
5855,C,1.0
5856,T,1.0
5857,T,1.0
5858,T,1.0
5859,A,1.0
5860,G,1.0
5861,A,1.0
5862,T,1.0
5863,A,1.0
5864,T,1.0
5865,A,1.0
5866,G,1.0
5867,T,1.0
5868,A,1.0
5869,G,1.0
5870,A,1.0
5871,T,1.0
5872,A,1.0
5873,G,1.0
5874,T,1.0
5875,A,1.0
5876,T,1.0
5877,T,1.0
5878,T,1.0
5879,G,1.0
5880,C,1.0
5881,A,1.0
5882,A,1.0
5883,A,1.0
5884,T,1.0
5885,G,1.0
5886,G,1.0
5887,C,1.0
5888,C,1.0
5889,T,1.0
5890,G,1.0
5891,A,1.0
5892,T,1.0
5893,C,1.0
5894,T,1.0
5895,T,1.0
5896,A,1.0
5897,T,1.0
5898,A,1.0
5899,A,1.0
5900,A,1.0
5901,A,1.0
5902,A,1.0
5903,T,1.0
5904,G,1.0
5905,G,1.0
5906,A,1.0
5907,G,1.0
5908,C,1.0
5909,A,1.0
5910,A,1.0
5911,G,1.0
5912,A,1.0
5913,A,1.0
5914,G,1.0
5915,T,1.0
5916,A,1.0
5917,T,1.0
5918,A,1.0
5919,T,1.0
5920,G,1.0
5921,G,1.0
5922,A,1.0
5923,G,1.0
5924,A,1.0
5925,T,1.0
5926,A,1.0
5927,A,1.0
5928,A,1.0
5929,C,1.0
5930,T,1.0
5931,A,1.0
5932,T,1.0
5933,T,1.0
5934,T,1.0
5935,T,1.0
5936,T,1.0
5937,T,1.0
5938,T,1.0
5939,T,1.0
5940,C,1.0
5941,A,1.0
5942,C,1.0
5943,A,1.0
5944,A,1.0
5945,A,1.0
5946,A,1.0
5947,C,1.0
5948,G,1.0
5949,G,1.0
5950,G,1.0
5951,A,1.0
5952,G,1.0
5953,C,1.0
5954,A,1.0
5955,G,1.0
5956,G,1.0
5957,C,1.0
5958,C,1.0
5959,T,1.0
5960,A,1.0
5961,T,1.0
5962,G,1.0
5963,C,1.0
5964,C,1.0
5965,A,1.0
5966,G,1.0
5967,A,1.0
5968,C,1.0
5969,A,1.0
5970,T,1.0
5971,T,1.0
5972,A,1.0
5973,T,1.0
5974,T,1.0
5975,T,1.0
5976,T,1.0
5977,G,1.0
5978,C,1.0
5979,A,1.0
5980,C,1.0
5981,G,1.0
5982,A,1.0
5983,G,1.0
5984,C,1.0
5985,G,1.0
5986,G,1.0
5987,G,1.0
5988,T,1.0
5989,G,1.0
5990,A,1.0
5991,T,1.0
5992,C,1.0
5993,C,1.0
5994,T,1.0
5995,G,1.0
5996,G,1.0
5997,A,1.0
5998,G,1.0
5999,A,1.0
6000,T,1.0
6001,G,1.0
6002,C,1.0
6003,T,1.0
6004,A,1.0
6005,T,1.0
6006,G,1.0
6007,C,1.0
6008,C,1.0
6009,C,1.0
6010,G,1.0
6011,A,1.0
6012,T,1.0
6013,G,1.0
6014,G,1.0
6015,A,1.0
6016,A,1.0
6017,C,1.0
6018,A,1.0
6019,G,1.0
6020,T,1.0
6021,C,1.0
6022,A,1.0
6023,A,1.0
6024,T,1.0
6025,C,1.0
6026,A,1.0
6027,G,1.0
6028,G,1.0
6029,A,1.0
6030,T,1.0
6031,A,1.0
6032,T,1.0
6033,G,1.0
6034,T,1.0
6035,T,1.0
6036,T,1.0
6037,T,1.0
6038,A,1.0
6039,T,1.0
6040,T,1.0
6041,A,1.0
6042,C,1.0
6043,A,1.0
6044,G,1.0
6045,T,1.0
6046,C,1.0
6047,C,1.0
6048,T,1.0
6049,G,1.0
6050,A,1.0
6051,T,1.0
6052,C,1.0
6053,G,1.0
6054,T,1.0
6055,T,1.0
6056,C,1.0
6057,T,1.0
6058,C,1.0
6059,A,1.0
6060,A,1.0
6061,G,1.0
6062,G,1.0
6063,C,1.0
6064,G,1.0
6065,C,1.0
6066,A,1.0
6067,C,1.0
6068,T,1.0
6069,A,1.0
6070,C,1.0
6071,C,1.0
6072,T,1.0
6073,C,1.0
6074,A,1.0
6075,G,1.0
6076,A,1.0
6077,A,1.0
6078,C,1.0
6079,A,1.0
6080,A,1.0
6081,G,1.0
6082,C,1.0
6083,T,1.0
6084,A,1.0
6085,G,1.0
6086,C,1.0
6087,A,1.0
6088,T,1.0
6089,C,1.0
6090,C,1.0
6091,C,1.0
6092,A,1.0
6093,T,1.0
6094,A,1.0
6095,T,1.0
6096,T,1.0
6097,T,1.0
6098,A,1.0
6099,C,1.0
6100,T,1.0
6101,T,1.0
6102,C,1.0
6103,C,1.0
6104,C,1.0
6105,A,1.0
6106,A,1.0
6107,C,1.0
6108,T,1.0
6109,G,1.0
6110,T,1.0
6111,A,1.0
6112,A,1.0
6113,G,1.0
6114,T,1.0
6115,G,1.0
6116,G,1.0
6117,C,1.0
6118,T,1.0
6119,C,1.0
6120,T,1.0
6121,C,1.0
6122,T,1.0
6123,A,1.0
6124,G,1.0
6125,T,1.0
6126,T,1.0
6127,T,1.0
6128,C,1.0
6129,T,1.0
6130,A,1.0
6131,G,1.0
6132,T,1.0
6133,G,1.0
6134,A,1.0
6135,A,1.0
6136,G,1.0
6137,C,1.0
6138,G,1.0
6139,C,1.0
6140,A,1.0
6141,G,1.0
6142,C,1.0
6143,T,1.0
6144,A,1.0
6145,T,1.0
6146,T,1.0
6147,T,1.0
6148,A,1.0
6149,A,1.0
6150,T,1.0
6151,A,1.0
6152,G,1.0
6153,A,1.0
6154,C,1.0
6155,C,1.0
6156,A,1.0
6157,T,1.0
6158,A,1.0
6159,T,1.0
6160,T,1.0
6161,G,1.0
6162,G,1.0
6163,T,1.0
6164,T,1.0
6165,A,1.0
6166,C,1.0
6167,A,1.0
6168,A,1.0
6169,A,1.0
6170,A,1.0
6171,A,1.0
6172,G,1.0
6173,C,1.0
6174,T,1.0
6175,C,1.0
6176,A,1.0
6177,G,1.0
6178,G,1.0
6179,G,1.0
6180,A,1.0
6181,C,1.0
6182,C,1.0
6183,C,1.0
6184,A,1.0
6185,A,1.0
6186,C,1.0
6187,A,1.0
6188,A,1.0
6189,T,1.0
6190,G,1.0
6191,G,1.0
6192,T,1.0
6193,A,1.0
6194,T,1.0
6195,T,1.0
6196,T,1.0
6197,G,1.0
6198,T,1.0
6199,T,1.0
6200,G,1.0
6201,G,1.0
6202,A,1.0
6203,A,1.0
6204,T,1.0
6205,A,1.0
6206,A,1.0
6207,T,1.0
6208,A,1.0
6209,A,1.0
6210,C,1.0
6211,T,1.0
6212,T,1.0
6213,A,1.0
6214,T,1.0
6215,T,1.0
6216,C,1.0
6217,C,1.0
6218,T,1.0
6219,G,1.0
6220,A,1.0
6221,C,1.0
6222,A,1.0
6223,G,1.0
6224,T,1.0
6225,A,1.0
6226,G,1.0
6227,T,1.0
6228,T,1.0
6229,G,1.0
6230,A,1.0
6231,T,1.0
6232,A,1.0
6233,A,1.0
6234,C,1.0
6235,A,1.0
6236,C,1.0
6237,C,1.0
6238,A,1.0
6239,G,1.0
6240,A,1.0
6241,A,1.0
6242,A,1.0
6243,C,1.0
6244,A,1.0
6245,C,1.0
6246,A,1.0
6247,A,1.0
6248,A,1.0
6249,T,1.0
6250,T,1.0
6251,T,1.0
6252,T,1.0
6253,A,1.0
6254,C,1.0
6255,T,1.0
6256,A,1.0
6257,T,1.0
6258,A,1.0
6259,T,1.0
6260,C,1.0
6261,A,1.0
6262,G,1.0
6263,T,1.0
6264,G,1.0
6265,T,1.0
6266,A,1.0
6267,T,1.0
6268,A,1.0
6269,A,1.0
6270,G,1.0
6271,A,1.0
6272,A,1.0
6273,T,1.0
6274,G,1.0
6275,G,1.0
6276,C,1.0
6277,G,1.0
6278,C,1.0
6279,A,1.0
6280,T,1.0
6281,C,1.0
6282,T,1.0
6283,G,1.0
6284,T,1.0
6285,A,1.0
6286,C,1.0
6287,C,1.0
6288,C,1.0
6289,A,1.0
6290,C,1.0
6291,G,1.0
6292,C,1.0
6293,C,1.0
6294,A,1.0
6295,T,1.0
6296,C,1.0
6297,A,1.0
6298,C,1.0
6299,A,1.0
6300,G,1.0
6301,T,1.0
6302,A,1.0
6303,C,1.0
6304,T,1.0
6305,C,1.0
6306,T,1.0
6307,T,1.0
6308,A,1.0
6309,T,1.0
6310,A,1.0
6311,A,1.0
6312,A,1.0
6313,G,1.0
6314,C,1.0
6315,C,1.0
6316,A,1.0
6317,G,1.0
6318,T,1.0
6319,G,1.0
6320,A,1.0
6321,T,1.0
6322,T,1.0
6323,T,1.0
6324,T,1.0
6325,A,1.0
6326,A,1.0
6327,A,1.0
6328,C,1.0
6329,A,1.0
6330,G,1.0
6331,T,1.0
6332,A,1.0
6333,T,1.0
6334,T,1.0
6335,T,1.0
6336,A,1.0
6337,A,1.0
6338,G,1.0
6339,A,1.0
6340,C,1.0
6341,A,1.0
6342,T,1.0
6343,G,1.0
6344,T,1.0
6345,T,1.0
6346,G,1.0
6347,A,1.0
6348,A,1.0
6349,G,1.0
6350,A,1.0
6351,A,1.0
6352,T,1.0
6353,A,1.0
6354,T,1.0
6355,G,1.0
6356,A,1.0
6357,T,1.0
6358,G,1.0
6359,T,1.0
6360,A,1.0
6361,G,1.0
6362,A,1.0
6363,A,1.0
6364,T,1.0
6365,T,1.0
6366,A,1.0
6367,A,1.0
6368,T,1.0
6369,A,1.0
6370,T,1.0
6371,T,1.0
6372,T,1.0
6373,C,1.0
6374,A,1.0
6375,A,1.0
6376,T,1.0
6377,T,1.0
6378,G,1.0
6379,T,1.0
6380,G,1.0
6381,T,1.0
6382,A,1.0
6383,A,1.0
6384,A,1.0
6385,G,1.0
6386,T,1.0
6387,G,1.0
6388,T,1.0
6389,C,1.0
6390,G,1.0
6391,C,1.0
6392,T,1.0
6393,G,1.0
6394,G,1.0
6395,A,1.0
6396,A,1.0
6397,C,1.0
6398,C,1.0
6399,A,1.0
6400,G,1.0
6401,A,1.0
6402,T,1.0
6403,A,1.0
6404,T,1.0
6405,T,1.0
6406,C,1.0
6407,T,1.0
6408,T,1.0
6409,G,1.0
6410,C,1.0
6411,G,1.0
6412,C,1.0
6413,A,1.0
6414,T,1.0
6415,C,1.0
6416,T,1.0
6417,C,1.0
6418,A,1.0
6419,A,1.0
6420,T,1.0
6421,G,1.0
6422,T,1.0
6423,A,1.0
6424,A,1.0
6425,T,1.0
6426,G,1.0
6427,G,1.0
6428,A,1.0
6429,C,1.0
6430,C,1.0
6431,C,1.0
6432,T,1.0
6433,T,1.0
6434,C,1.0
6435,A,1.0
6436,A,1.0
6437,T,1.0
6438,A,1.0
6439,C,1.0
6440,T,1.0
6441,T,1.0
6442,G,1.0
6443,A,1.0
6444,T,1.0
6445,A,1.0
6446,A,1.0
6447,T,1.0
6448,T,1.0
6449,G,1.0
6450,G,1.0
6451,C,1.0
6452,A,1.0
6453,A,1.0
6454,T,1.0
6455,T,1.0
6456,G,1.0
6457,G,1.0
6458,C,1.0
6459,G,1.0
6460,T,1.0
6461,T,1.0
6462,C,1.0
6463,G,1.0
6464,T,1.0
6465,A,1.0
6466,C,1.0
6467,C,1.0
6468,G,1.0
6469,C,1.0
6470,C,1.0
6471,G,1.0
6472,C,1.0
6473,C,1.0
6474,A,1.0
6475,C,1.0
6476,C,1.0
6477,T,1.0
6478,C,1.0
6479,A,1.0
6480,G,1.0
6481,A,1.0
6482,G,1.0
6483,T,1.0
6484,A,1.0
6485,T,1.0
6486,T,1.0
6487,G,1.0
6488,A,1.0
6489,G,1.0
6490,G,1.0
6491,A,1.0
6492,C,1.0
6493,A,1.0
6494,A,1.0
6495,T,1.0
6496,T,1.0
6497,A,1.0
6498,T,1.0
6499,A,1.0
6500,G,1.0
6501,A,1.0
6502,T,1.0
6503,A,1.0
6504,T,1.0
6505,A,1.0
6506,T,1.0
6507,A,1.0
6508,A,1.0
6509,G,1.0
6510,A,1.0
6511,T,1.0
6512,C,1.0
6513,A,1.0
6514,T,1.0
6515,T,1.0
6516,G,1.0
6517,G,1.0
6518,C,1.0
6519,T,1.0
6520,A,1.0
6521,C,1.0
6522,T,1.0
6523,C,1.0
6524,G,1.0
6525,A,1.0
6526,T,1.0
6527,G,1.0
6528,C,1.0
6529,C,1.0
6530,C,1.0
6531,T,1.0
6532,C,1.0
6533,C,1.0
6534,A,1.0
6535,G,1.0
6536,A,1.0
6537,G,1.0
6538,G,1.0
6539,A,1.0
6540,T,1.0
6541,C,1.0
6542,C,1.0
6543,T,1.0
6544,G,1.0
6545,A,1.0
6546,A,1.0
6547,G,1.0
6548,C,1.0
6549,T,1.0
6550,G,1.0
6551,A,1.0
6552,A,1.0
6553,A,1.0
6554,A,1.0
6555,T,1.0
6556,A,1.0
6557,A,1.0
6558,G,1.0
6559,G,1.0
6560,A,1.0
6561,C,1.0
6562,C,1.0
6563,C,1.0
6564,T,1.0
6565,T,1.0
6566,A,1.0
6567,T,1.0
6568,A,1.0
6569,A,1.0
6570,A,1.0
6571,C,1.0
6572,A,1.0
6573,A,1.0
6574,T,1.0
6575,A,1.0
6576,C,1.0
6577,A,1.0
6578,G,1.0
6579,C,1.0
6580,T,1.0
6581,T,1.0
6582,T,1.0
6583,T,1.0
6584,G,1.0
6585,G,1.0
6586,C,1.0
6587,C,1.0
6588,T,1.0
6589,G,1.0
6590,T,1.0
6591,T,1.0
6592,G,1.0
6593,A,1.0
6594,T,1.0
6595,T,1.0
6596,T,1.0
6597,A,1.0
6598,A,1.0
6599,C,1.0
6600,T,1.0
6601,G,1.0
6602,A,1.0
6603,A,1.0
6604,C,1.0
6605,G,1.0
6606,G,1.0
6607,T,1.0
6608,T,1.0
6609,T,1.0
6610,T,1.0
6611,C,1.0
6612,A,1.0
6613,G,1.0
6614,C,1.0
6615,T,1.0
6616,G,1.0
6617,A,1.0
6618,A,1.0
6619,T,1.0
6620,T,1.0
6621,A,1.0
6622,A,1.0
6623,G,1.0
6624,T,1.0
6625,C,1.0
6626,A,1.0
6627,A,1.0
6628,T,1.0
6629,T,1.0
6630,T,1.0
6631,C,1.0
6632,C,1.0
6633,C,1.0
6634,C,1.0
6635,T,1.0
6636,G,1.0
6637,G,1.0
6638,G,1.0
6639,T,1.0
6640,C,1.0
6641,C,1.0
6642,T,1.0
6643,G,1.0
6644,A,1.0
6645,A,1.0
6646,G,1.0
6647,C,1.0
6648,T,1.0
6649,G,1.0
6650,A,1.0
6651,A,1.0
6652,A,1.0
6653,A,1.0
6654,T,1.0
6655,A,1.0
6656,A,1.0
6657,G,1.0
6658,G,1.0
6659,A,1.0
6660,C,1.0
6661,C,1.0
6662,C,1.0
6663,T,1.0
6664,T,1.0
6665,A,1.0
6666,T,1.0
6667,A,1.0
6668,A,1.0
6669,A,1.0
6670,C,1.0
6671,A,1.0
6672,A,1.0
6673,T,1.0
6674,A,1.0
6675,C,1.0
6676,A,1.0
6677,G,1.0
6678,C,1.0
6679,T,1.0
6680,T,1.0
6681,T,1.0
6682,T,1.0
6683,G,1.0
6684,G,1.0
6685,C,1.0
6686,C,1.0
6687,T,1.0
6688,G,1.0
6689,T,1.0
6690,T,1.0
6691,G,1.0
6692,A,1.0
6693,T,1.0
6694,T,1.0
6695,T,1.0
6696,A,1.0
6697,A,1.0
6698,C,1.0
6699,T,1.0
6700,G,1.0
6701,A,1.0
6702,A,1.0
6703,C,1.0
6704,G,1.0
6705,G,1.0
6706,T,1.0
6707,T,1.0
6708,T,1.0
6709,T,1.0
6710,C,1.0
6711,A,1.0
6712,G,1.0
6713,C,1.0
6714,T,1.0
6715,G,1.0
6716,A,1.0
6717,A,1.0
6718,T,1.0
6719,T,1.0
6720,A,1.0
6721,A,1.0
6722,G,1.0
6723,T,1.0
6724,C,1.0
6725,A,1.0
6726,A,1.0
6727,T,1.0
6728,T,1.0
6729,T,1.0
6730,C,1.0
6731,C,1.0
6732,C,1.0
6733,C,1.0
6734,T,1.0
6735,G,1.0
6736,G,1.0
6737,G,1.0
6738,A,1.0
6739,A,1.0
6740,G,1.0
6741,A,1.0
6742,A,1.0
6743,A,1.0
6744,A,1.0
6745,T,1.0
6746,T,1.0
6747,T,1.0
6748,T,1.0
6749,T,1.0
6750,A,1.0
6751,T,1.0
6752,T,1.0
6753,C,1.0
6754,C,1.0
6755,A,1.0
6756,A,1.0
6757,A,1.0
6758,G,1.0
6759,T,1.0
6760,G,1.0
6761,G,1.0
6762,A,1.0
6763,T,1.0
6764,T,1.0
6765,A,1.0
6766,T,1.0
6767,T,1.0
6768,C,1.0
6769,A,1.0
6770,G,1.0
6771,A,1.0
6772,A,1.0
6773,C,1.0
6774,A,1.0
6775,T,1.0
6776,A,1.0
6777,T,1.0
6778,T,1.0
6779,C,1.0
6780,T,1.0
6781,A,1.0
6782,C,1.0
6783,T,1.0
6784,A,1.0
6785,C,1.0
6786,C,1.0
6787,T,1.0
6788,C,1.0
6789,A,1.0
6790,G,1.0
6791,G,1.0
6792,T,1.0
6793,A,1.0
6794,C,1.0
6795,A,1.0
6796,A,1.0
6797,A,1.0
6798,G,1.0
6799,A,1.0
6800,G,1.0
6801,A,1.0
6802,T,1.0
6803,T,1.0
6804,G,1.0
6805,C,1.0
6806,G,1.0
6807,C,1.0
6808,A,1.0
6809,G,1.0
6810,C,1.0
6811,A,1.0
6812,G,1.0
6813,T,1.0
6814,A,1.0
6815,T,1.0
6816,G,1.0
6817,G,1.0
6818,C,1.0
6819,C,1.0
6820,A,1.0
6821,G,1.0
6822,T,1.0
6823,A,1.0
6824,A,1.0
6825,C,1.0
6826,A,1.0
6827,C,1.0
6828,T,1.0
6829,A,1.0
6830,C,1.0
6831,G,1.0
6832,C,1.0
6833,G,1.0
6834,T,1.0
6835,G,1.0
6836,C,1.0
6837,A,1.0
6838,A,1.0
6839,A,1.0
6840,A,1.0
6841,C,1.0
6842,G,1.0
6843,C,1.0
6844,A,1.0
6845,G,1.0
6846,G,1.0
6847,C,1.0
6848,G,1.0
6849,T,1.0
6850,G,1.0
6851,T,1.0
6852,A,1.0
6853,A,1.0
6854,A,1.0
6855,A,1.0
6856,T,1.0
6857,A,1.0
6858,A,1.0
6859,T,1.0
6860,A,1.0
6861,A,1.0
6862,T,1.0
6863,A,1.0
6864,T,1.0
6865,A,1.0
6866,G,1.0
6867,G,1.0
6868,A,1.0
6869,A,1.0
6870,A,1.0
6871,T,1.0
6872,A,1.0
6873,T,1.0
6874,G,1.0
6875,C,1.0
6876,T,1.0
6877,G,1.0
6878,T,1.0
6879,C,1.0
6880,T,1.0
6881,A,1.0
6882,T,1.0
6883,G,1.0
6884,A,1.0
6885,A,1.0
6886,T,1.0
6887,G,1.0
6888,T,1.0
6889,T,1.0
6890,G,1.0
6891,G,1.0
6892,T,1.0
6893,T,1.0
6894,T,1.0
6895,G,1.0
6896,G,1.0
6897,A,1.0
6898,A,1.0
6899,T,1.0
6900,G,1.0
6901,C,1.0
6902,A,1.0
6903,T,1.0
6904,T,1.0
6905,T,1.0
6906,C,1.0
6907,A,1.0
6908,A,1.0
6909,T,1.0
6910,A,1.0
6911,A,1.0
6912,A,1.0
6913,G,1.0
6914,T,1.0
6915,T,1.0
6916,G,1.0
6917,C,1.0
6918,T,1.0
6919,A,1.0
6920,C,1.0
6921,T,1.0
6922,G,1.0
6923,T,1.0
6924,G,1.0
6925,A,1.0
6926,A,1.0
6927,A,1.0
6928,T,1.0
6929,T,1.0
6930,T,1.0
6931,C,1.0
6932,T,1.0
6933,G,1.0
6934,A,1.0
6935,C,1.0
6936,T,1.0
6937,C,1.0
6938,A,1.0
6939,T,1.0
6940,G,1.0
6941,G,1.0
6942,G,1.0
6943,G,1.0
6944,T,1.0
6945,C,1.0
6946,G,1.0
6947,T,1.0
6948,T,1.0
6949,A,1.0
6950,T,1.0
6951,T,1.0
6952,C,1.0
6953,A,1.0
6954,G,1.0
6955,T,1.0
6956,C,1.0
6957,T,1.0
6958,A,1.0
6959,C,1.0
6960,A,1.0
6961,C,1.0
6962,C,1.0
6963,C,1.0
6964,G,1.0
6965,A,1.0
6966,G,1.0
6967,T,1.0
6968,A,1.0
6969,T,1.0
6970,A,1.0
6971,T,1.0
6972,A,1.0
6973,T,1.0
6974,G,1.0
6975,G,1.0
6976,A,1.0
6977,G,1.0
6978,A,1.0
6979,G,1.0
6980,A,1.0
6981,C,1.0
6982,T,1.0
6983,C,1.0
6984,C,1.0
6985,A,1.0
6986,A,1.0
6987,C,1.0
6988,A,1.0
6989,G,1.0
6990,G,1.0
6991,G,1.0
6992,T,1.0
6993,A,1.0
6994,A,1.0
6995,A,1.0
6996,C,1.0
6997,A,1.0
6998,A,1.0
6999,C,1.0
7000,A,1.0
7001,T,1.0
7002,A,1.0
7003,A,1.0
7004,T,1.0
7005,C,1.0
7006,A,1.0
7007,A,1.0
7008,T,1.0
7009,A,1.0
7010,A,1.0
7011,A,1.0
7012,T,1.0
7013,C,1.0
7014,A,1.0
7015,A,1.0
7016,T,1.0
7017,A,1.0
7018,T,1.0
7019,A,1.0
7020,G,1.0
7021,A,1.0
7022,C,1.0
7023,A,1.0
7024,T,1.0
7025,C,1.0
7026,A,1.0
7027,C,1.0
7028,A,1.0
7029,C,1.0
7030,C,1.0
7031,T,1.0
7032,G,1.0
7033,G,1.0
7034,C,1.0
7035,A,1.0
7036,G,1.0
7037,A,1.0
7038,G,1.0
7039,C,1.0
7040,T,1.0
7041,G,1.0
7042,T,1.0
7043,C,1.0
7044,A,1.0
7045,A,1.0
7046,C,1.0
7047,C,1.0
7048,G,1.0
7049,T,1.0
7050,T,1.0
7051,T,1.0
7052,C,1.0
7053,T,1.0
7054,G,1.0
7055,G,1.0
7056,T,1.0
7057,A,1.0
7058,A,1.0
7059,G,1.0
7060,A,1.0
7061,A,1.0
7062,A,1.0
7063,C,1.0
7064,T,1.0
7065,T,1.0
7066,G,1.0
7067,G,1.0
7068,C,1.0
7069,G,1.0
7070,C,1.0
7071,C,1.0
7072,A,1.0
7073,A,1.0
7074,C,1.0
7075,G,1.0
7076,G,1.0
7077,C,1.0
7078,T,1.0
7079,A,1.0
7080,T,1.0
7081,T,1.0
7082,G,1.0
7083,C,1.0
7084,A,1.0
7085,T,1.0
7086,A,1.0
7087,C,1.0
7088,C,1.0
7089,G,1.0
7090,G,1.0
7091,T,1.0
7092,T,1.0
7093,C,1.0
7094,T,1.0
7095,G,1.0
7096,G,1.0
7097,T,1.0
7098,A,1.0
7099,C,1.0
7100,A,1.0
7101,G,1.0
7102,T,1.0
7103,A,1.0
7104,A,1.0
7105,T,1.0
7106,A,1.0
7107,A,1.0
7108,A,1.0
7109,G,1.0
7110,A,1.0
7111,T,1.0
7112,T,1.0
7113,T,1.0
7114,T,1.0
7115,T,1.0
7116,A,1.0
7117,A,1.0
7118,A,1.0
7119,A,1.0
7120,G,1.0
7121,A,1.0
7122,T,1.0
7123,A,1.0
7124,C,1.0
7125,A,1.0
7126,A,1.0
7127,C,1.0
7128,A,1.0
7129,T,1.0
7130,G,1.0
7131,T,1.0
7132,G,1.0
7133,C,1.0
7134,A,1.0
7135,G,1.0
7136,A,1.0
7137,C,1.0
7138,A,1.0
7139,A,1.0
7140,A,1.0
7141,C,1.0
7142,T,1.0
7143,G,1.0
7144,A,1.0
7145,G,1.0
7146,T,1.0
7147,T,1.0
7148,G,1.0
7149,A,1.0
7150,C,1.0
7151,T,1.0
7152,C,1.0
7153,A,1.0
7154,A,1.0
7155,A,1.0
7156,G,1.0
7157,T,1.0
7158,T,1.0
7159,T,1.0
7160,G,1.0
7161,G,1.0
7162,C,1.0
7163,A,1.0
7164,A,1.0
7165,A,1.0
7166,T,1.0
7167,A,1.0
7168,C,1.0
7169,C,1.0
7170,G,1.0
7171,C,1.0
7172,T,1.0
7173,T,1.0
7174,T,1.0
7175,T,1.0
7176,G,1.0
7177,T,1.0
7178,T,1.0
7179,A,1.0
7180,C,1.0
7181,T,1.0
7182,G,1.0
7183,G,1.0
7184,C,1.0
7185,T,1.0
7186,G,1.0
7187,T,1.0
7188,C,1.0
7189,T,1.0
7190,G,1.0
7191,C,1.0
7192,C,1.0
7193,T,1.0
7194,T,1.0
7195,T,1.0
7196,G,1.0
7197,T,1.0
7198,A,1.0
7199,C,1.0
7200,C,1.0
7201,G,1.0
7202,G,1.0
7203,G,1.0
7204,A,1.0
7205,G,1.0
7206,T,1.0
7207,G,1.0
7208,G,1.0
7209,T,1.0
7210,A,1.0
7211,C,1.0
7212,A,1.0
7213,T,1.0
7214,A,1.0
7215,T,1.0
7216,A,1.0
7217,T,1.0
7218,T,1.0
7219,T,1.0
7220,C,1.0
7221,C,1.0
7222,T,1.0
7223,G,1.0
7224,T,1.0
7225,G,1.0
7226,G,1.0
7227,C,1.0
7228,A,1.0
7229,A,1.0
7230,T,1.0
7231,G,1.0
7232,A,1.0
7233,T,1.0
7234,T,1.0
7235,G,1.0
7236,T,1.0
7237,T,1.0
7238,G,1.0
7239,C,1.0
7240,C,1.0
7241,A,1.0
7242,A,1.0
7243,C,1.0
7244,A,1.0
7245,A,1.0
7246,T,1.0
7247,C,1.0
7248,A,1.0
7249,T,1.0
7250,C,1.0
7251,G,1.0
7252,C,1.0
7253,A,1.0
7254,G,1.0
7255,T,1.0
7256,G,1.0
7257,C,1.0
7258,A,1.0
7259,T,1.0
7260,A,1.0
7261,T,1.0
7262,A,1.0
7263,A,1.0
7264,G,1.0
7265,T,1.0
7266,G,1.0
7267,A,1.0
7268,C,1.0
7269,C,1.0
7270,G,1.0
7271,G,1.0
7272,G,1.0
7273,A,1.0
7274,G,1.0
7275,T,1.0
7276,G,1.0
7277,G,1.0
7278,T,1.0
7279,A,1.0
7280,T,1.0
7281,C,1.0
7282,T,1.0
7283,A,1.0
7284,T,1.0
7285,A,1.0
7286,A,1.0
7287,A,1.0
7288,A,1.0
7289,T,1.0
7290,G,1.0
7291,C,1.0
7292,A,1.0
7293,G,1.0
7294,A,1.0
7295,G,1.0
7296,A,1.0
7297,G,1.0
7298,A,1.0
7299,T,1.0
7300,T,1.0
7301,C,1.0
7302,T,1.0
7303,G,1.0
7304,G,1.0
7305,A,1.0
7306,T,1.0
7307,T,1.0
7308,T,1.0
7309,A,1.0
7310,T,1.0
7311,T,1.0
7312,T,1.0
7313,G,1.0
7314,C,1.0
7315,A,1.0
7316,G,1.0
7317,C,1.0
7318,A,1.0
7319,G,1.0
